#
# There is insufficient memory for the Java Runtime Environment to continue.
# Native memory allocation (malloc) failed to allocate 942096 bytes. Error detail: Chunk::new
# Possible reasons:
#   The system is out of physical RAM or swap space
#   This process is running with CompressedOops enabled, and the Java Heap may be blocking the growth of the native heap
# Possible solutions:
#   Reduce memory load on the system
#   Increase physical memory or swap space
#   Check if swap backing store is full
#   Decrease Java heap size (-Xmx/-Xms)
#   Decrease number of Java threads
#   Decrease Java thread stack sizes (-Xss)
#   Set larger code cache with -XX:ReservedCodeCacheSize=
#   JVM is running with Unscaled Compressed Oops mode in which the Java heap is
#     placed in the first 4GB address space. The Java Heap base address is the
#     maximum limit for the native heap growth. Please use -XX:HeapBaseMinAddress
#     to set the Java Heap base and to place the Java Heap above 4GB virtual address.
# This output file may be truncated or incomplete.
#
#  Out of Memory Error (arena.cpp:168), pid=15632, tid=2784
#
# JRE version: OpenJDK Runtime Environment (21.0.10) (build 21.0.10+-14961533-b1163.108)
# Java VM: OpenJDK 64-Bit Server VM (21.0.10+-14961533-b1163.108, mixed mode, tiered, compressed oops, compressed class ptrs, g1 gc, windows-amd64)
# No core dump will be written. Minidumps are not enabled by default on client versions of Windows
#

---------------  S U M M A R Y ------------

Command Line: --add-opens=java.base/java.lang=ALL-UNNAMED --add-opens=java.base/java.lang.invoke=ALL-UNNAMED --add-opens=java.base/java.util=ALL-UNNAMED --add-opens=java.prefs/java.util.prefs=ALL-UNNAMED --add-exports=jdk.compiler/com.sun.tools.javac.api=ALL-UNNAMED --add-exports=jdk.compiler/com.sun.tools.javac.util=ALL-UNNAMED --add-opens=java.base/java.util=ALL-UNNAMED --add-opens=java.prefs/java.util.prefs=ALL-UNNAMED --add-opens=java.base/java.nio.charset=ALL-UNNAMED --add-opens=java.base/java.net=ALL-UNNAMED --add-opens=java.base/java.util.concurrent=ALL-UNNAMED --add-opens=java.base/java.util.concurrent.atomic=ALL-UNNAMED --add-opens=java.xml/javax.xml.namespace=ALL-UNNAMED --add-opens=java.base/java.time=ALL-UNNAMED -Xmx2048m -Dfile.encoding=UTF-8 -Duser.country=IN -Duser.language=en -Duser.variant -javaagent:C:\Users\kshit\.gradle\wrapper\dists\gradle-9.4.1-bin\arn2x92ynaizyzdaamcbpbhtj\gradle-9.4.1\lib\agents\gradle-instrumentation-agent-9.4.1.jar org.gradle.launcher.daemon.bootstrap.GradleDaemon 9.4.1

Host: AMD Ryzen 5 4600H with Radeon Graphics         , 12 cores, 7G,  Windows 11 , 64 bit Build 26100 (10.0.26100.8328)
Time: Thu May 28 20:56:27 2026 India Standard Time elapsed time: 92.534461 seconds (0d 0h 1m 32s)

---------------  T H R E A D  ---------------

Current thread (0x0000020427c5e190):  JavaThread "C2 CompilerThread1" daemon [_thread_in_native, id=2784, stack(0x00000042a0f00000,0x00000042a1000000) (1024K)]


Current CompileTask:
C2:92534 24764       4       org.objectweb.asm.tree.MethodNode::visitFrame (47 bytes)

Stack: [0x00000042a0f00000,0x00000042a1000000]
Native frames: (J=compiled Java code, j=interpreted, Vv=VM code, C=native code)
V  [jvm.dll+0x6d78a9]
V  [jvm.dll+0x8665b3]
V  [jvm.dll+0x868bde]
V  [jvm.dll+0x8692c3]
V  [jvm.dll+0x280ee6]
V  [jvm.dll+0xc07cd]
V  [jvm.dll+0xc0d03]
V  [jvm.dll+0x3ba091]
V  [jvm.dll+0x385df7]
V  [jvm.dll+0x38526a]
V  [jvm.dll+0x249bd2]
V  [jvm.dll+0x2491a1]
V  [jvm.dll+0x1c76e4]
V  [jvm.dll+0x25891e]
V  [jvm.dll+0x256e66]
V  [jvm.dll+0x3f513e]
V  [jvm.dll+0x80fd28]
V  [jvm.dll+0x6d60fd]
C  [ucrtbase.dll+0x37b0]
C  [KERNEL32.DLL+0x2e957]
C  [ntdll.dll+0x427c]


---------------  P R O C E S S  ---------------

Threads class SMR info:
_java_thread_list=0x000002043c1dc690, length=110, elements={
0x0000020401176420, 0x000002041b1c2080, 0x000002041b1fe000, 0x000002041b1ff5d0,
0x000002041b213b50, 0x000002041b2145b0, 0x000002041b215b80, 0x000002041b217150,
0x000002041b219a60, 0x000002041b223080, 0x000002041b5304d0, 0x00000204227ec440,
0x00000204227ee510, 0x00000204227ecad0, 0x00000204227ed160, 0x00000204227ed7f0,
0x00000204227ede80, 0x00000204227eeba0, 0x00000204227eb720, 0x0000020420f8e330,
0x0000020420f8e9c0, 0x0000020420f8f6e0, 0x0000020420f8f050, 0x0000020420f8fd70,
0x0000020420f8dca0, 0x0000020420f945a0, 0x0000020420f91e40, 0x0000020420f917b0,
0x0000020420f93880, 0x0000020420f92b60, 0x0000020420f93f10, 0x0000020420f924d0,
0x0000020420f94c30, 0x0000020420f952c0, 0x0000020420f931f0, 0x00000204258c2e80,
0x00000204258c48c0, 0x00000204258c3510, 0x00000204258c1ad0, 0x00000204258c4230,
0x00000204258c4f50, 0x00000204258c27f0, 0x00000204258c6990, 0x00000204258c5c70,
0x00000204258c90f0, 0x0000020423aaf070, 0x0000020423ab17d0, 0x0000020423ab1e60,
0x0000020423ab0ab0, 0x0000020423ab45c0, 0x0000020423ab1140, 0x0000020423ab5970,
0x0000020423ab4c50, 0x0000020423ab6000, 0x0000020423ab52e0, 0x0000020423ab6690,
0x00000204224623a0, 0x000002042869f0e0, 0x0000020428053630, 0x00000204227cd220,
0x00000204227ca430, 0x00000204227caac0, 0x00000204227cb7e0, 0x00000204227cb150,
0x00000204227cbe70, 0x00000204227c9da0, 0x00000204227cc500, 0x00000204227ccb90,
0x000002043c46e8a0, 0x0000020423ecb5e0, 0x0000020423eca230, 0x0000020423eca8c0,
0x000002043cf6fa10, 0x0000020424f222b0, 0x0000020424f22940, 0x0000020424f22fd0,
0x0000020424f21c20, 0x0000020426311150, 0x00000204263117e0, 0x0000020427b6bc30,
0x0000020427b6c950, 0x0000020427b6e390, 0x0000020427b6c2c0, 0x000002042868aa30,
0x0000020425eb4a00, 0x0000020425eb3ce0, 0x0000020425eb4370, 0x000002043bbded90,
0x000002043bbdbfa0, 0x000002043bbdd350, 0x000002043bbdb910, 0x000002043bbde700,
0x000002043bbdc630, 0x000002043bbdd9e0, 0x000002043bbdccc0, 0x000002043bbde070,
0x000002042783f140, 0x00000204241ed2c0, 0x00000204241ee670, 0x00000204241eed00,
0x00000204241efa20, 0x00000204241edfe0, 0x00000204241ef390, 0x000002042783fe60,
0x000002042783f7d0, 0x000002042783c9e0, 0x000002042783d070, 0x000002042783e420,
0x000002042783d700, 0x0000020427c5e190
}

Java Threads: ( => current thread )
  0x0000020401176420 JavaThread "main"                              [_thread_blocked, id=6084, stack(0x00000042a1000000,0x00000042a1100000) (1024K)]
  0x000002041b1c2080 JavaThread "Common-Cleaner"             daemon [_thread_blocked, id=10836, stack(0x00000042a1800000,0x00000042a1900000) (1024K)]
  0x000002041b1fe000 JavaThread "Reference Handler"          daemon [_thread_blocked, id=1372, stack(0x00000042a1900000,0x00000042a1a00000) (1024K)]
  0x000002041b1ff5d0 JavaThread "Finalizer"                  daemon [_thread_blocked, id=4384, stack(0x00000042a1a00000,0x00000042a1b00000) (1024K)]
  0x000002041b213b50 JavaThread "Signal Dispatcher"          daemon [_thread_blocked, id=13964, stack(0x00000042a1b00000,0x00000042a1c00000) (1024K)]
  0x000002041b2145b0 JavaThread "Attach Listener"            daemon [_thread_blocked, id=11896, stack(0x00000042a1c00000,0x00000042a1d00000) (1024K)]
  0x000002041b215b80 JavaThread "Service Thread"             daemon [_thread_blocked, id=11556, stack(0x00000042a1d00000,0x00000042a1e00000) (1024K)]
  0x000002041b217150 JavaThread "Monitor Deflation Thread"   daemon [_thread_blocked, id=9932, stack(0x00000042a1e00000,0x00000042a1f00000) (1024K)]
  0x000002041b219a60 JavaThread "C2 CompilerThread0"         daemon [_thread_in_native, id=13100, stack(0x00000042a1f00000,0x00000042a2000000) (1024K)]
  0x000002041b223080 JavaThread "C1 CompilerThread0"         daemon [_thread_in_native, id=11140, stack(0x00000042a2000000,0x00000042a2100000) (1024K)]
  0x000002041b5304d0 JavaThread "Notification Thread"        daemon [_thread_blocked, id=5084, stack(0x00000042a2100000,0x00000042a2200000) (1024K)]
  0x00000204227ec440 JavaThread "Daemon health stats"               [_thread_blocked, id=5064, stack(0x00000042a2700000,0x00000042a2800000) (1024K)]
  0x00000204227ee510 JavaThread "Incoming local TCP Connector on port 62526"        [_thread_in_native, id=9676, stack(0x00000042a2800000,0x00000042a2900000) (1024K)]
  0x00000204227ecad0 JavaThread "Daemon periodic checks"            [_thread_blocked, id=4484, stack(0x00000042a2900000,0x00000042a2a00000) (1024K)]
  0x00000204227ed160 JavaThread "Daemon"                            [_thread_blocked, id=12824, stack(0x00000042a2a00000,0x00000042a2b00000) (1024K)]
  0x00000204227ed7f0 JavaThread "Handler for socket connection from /127.0.0.1:62526 to /127.0.0.1:62527"        [_thread_in_native, id=15372, stack(0x00000042a2b00000,0x00000042a2c00000) (1024K)]
  0x00000204227ede80 JavaThread "Cancel handler"                    [_thread_blocked, id=10300, stack(0x00000042a3300000,0x00000042a3400000) (1024K)]
  0x00000204227eeba0 JavaThread "Daemon worker"                     [_thread_in_Java, id=15216, stack(0x00000042a3400000,0x00000042a3500000) (1024K)]
  0x00000204227eb720 JavaThread "Asynchronous log dispatcher for DefaultDaemonConnection: socket connection from /127.0.0.1:62526 to /127.0.0.1:62527"        [_thread_blocked, id=14684, stack(0x00000042a3500000,0x00000042a3600000) (1024K)]
  0x0000020420f8e330 JavaThread "Stdin handler"                     [_thread_blocked, id=15100, stack(0x00000042a3600000,0x00000042a3700000) (1024K)]
  0x0000020420f8e9c0 JavaThread "Daemon client event forwarder"        [_thread_blocked, id=1332, stack(0x00000042a3700000,0x00000042a3800000) (1024K)]
  0x0000020420f8f6e0 JavaThread "Cache worker for journal cache (C:\Users\kshit\.gradle\caches\journal-1)"        [_thread_blocked, id=9388, stack(0x00000042a3800000,0x00000042a3900000) (1024K)]
  0x0000020420f8f050 JavaThread "File lock request listener"        [_thread_in_native, id=15052, stack(0x00000042a3900000,0x00000042a3a00000) (1024K)]
  0x0000020420f8fd70 JavaThread "Cache worker for file hash cache (C:\Users\kshit\.gradle\caches\9.4.1\fileHashes)"        [_thread_blocked, id=10436, stack(0x00000042a3a00000,0x00000042a3b00000) (1024K)]
  0x0000020420f8dca0 JavaThread "Cache worker for file hash cache (C:\Users\kshit\Desktop\avs dharma app\.gradle\9.4.1\fileHashes)"        [_thread_blocked, id=2792, stack(0x00000042a3c00000,0x00000042a3d00000) (1024K)]
  0x0000020420f945a0 JavaThread "Cache worker for Build Output Cleanup Cache (C:\Users\kshit\Desktop\avs dharma app\.gradle\buildOutputCleanup)"        [_thread_blocked, id=11220, stack(0x00000042a3d00000,0x00000042a3e00000) (1024K)]
  0x0000020420f91e40 JavaThread "File watcher server"        daemon [_thread_in_native, id=5068, stack(0x00000042a3e00000,0x00000042a3f00000) (1024K)]
  0x0000020420f917b0 JavaThread "File watcher consumer"      daemon [_thread_blocked, id=6524, stack(0x00000042a3f00000,0x00000042a4000000) (1024K)]
  0x0000020420f93880 JavaThread "jar transforms"                    [_thread_blocked, id=10104, stack(0x00000042a2200000,0x00000042a2300000) (1024K)]
  0x0000020420f92b60 JavaThread "jar transforms Thread 2"           [_thread_blocked, id=14660, stack(0x00000042a3b00000,0x00000042a3c00000) (1024K)]
  0x0000020420f93f10 JavaThread "jar transforms Thread 3"           [_thread_blocked, id=14944, stack(0x00000042a4000000,0x00000042a4100000) (1024K)]
  0x0000020420f924d0 JavaThread "jar transforms Thread 4"           [_thread_blocked, id=11364, stack(0x00000042a4100000,0x00000042a4200000) (1024K)]
  0x0000020420f94c30 JavaThread "jar transforms Thread 5"           [_thread_blocked, id=15388, stack(0x00000042a4200000,0x00000042a4300000) (1024K)]
  0x0000020420f952c0 JavaThread "jar transforms Thread 6"           [_thread_blocked, id=14028, stack(0x00000042a4300000,0x00000042a4400000) (1024K)]
  0x0000020420f931f0 JavaThread "jar transforms Thread 7"           [_thread_blocked, id=10148, stack(0x00000042a4400000,0x00000042a4500000) (1024K)]
  0x00000204258c2e80 JavaThread "jar transforms Thread 8"           [_thread_blocked, id=14780, stack(0x00000042a4500000,0x00000042a4600000) (1024K)]
  0x00000204258c48c0 JavaThread "jar transforms Thread 9"           [_thread_blocked, id=12424, stack(0x00000042a4600000,0x00000042a4700000) (1024K)]
  0x00000204258c3510 JavaThread "jar transforms Thread 10"          [_thread_blocked, id=16012, stack(0x00000042a4700000,0x00000042a4800000) (1024K)]
  0x00000204258c1ad0 JavaThread "jar transforms Thread 11"          [_thread_blocked, id=13576, stack(0x00000042a4800000,0x00000042a4900000) (1024K)]
  0x00000204258c4230 JavaThread "jar transforms Thread 12"          [_thread_blocked, id=2288, stack(0x00000042a4900000,0x00000042a4a00000) (1024K)]
  0x00000204258c4f50 JavaThread "Cache worker for file content cache (C:\Users\kshit\.gradle\caches\9.4.1\fileContent)"        [_thread_blocked, id=6276, stack(0x00000042a4b00000,0x00000042a4c00000) (1024K)]
  0x00000204258c27f0 JavaThread "Cache worker for checksums cache (C:\Users\kshit\Desktop\avs dharma app\.gradle\9.4.1\checksums)"        [_thread_blocked, id=8388, stack(0x00000042a4c00000,0x00000042a4d00000) (1024K)]
  0x00000204258c6990 JavaThread "Cache worker for cache directory md-supplier (C:\Users\kshit\.gradle\caches\9.4.1\md-supplier)"        [_thread_blocked, id=15136, stack(0x00000042a4d00000,0x00000042a4e00000) (1024K)]
  0x00000204258c5c70 JavaThread "Cache worker for cache directory md-rule (C:\Users\kshit\.gradle\caches\9.4.1\md-rule)"        [_thread_blocked, id=3452, stack(0x00000042a4e00000,0x00000042a4f00000) (1024K)]
  0x00000204258c90f0 JavaThread "Build operations"                  [_thread_in_native, id=12408, stack(0x00000042a5000000,0x00000042a5100000) (1024K)]
  0x0000020423aaf070 JavaThread "Build operations Thread 2"         [_thread_in_Java, id=14652, stack(0x00000042a5100000,0x00000042a5200000) (1024K)]
  0x0000020423ab17d0 JavaThread "Build operations Thread 3"         [_thread_in_native, id=14836, stack(0x00000042a5200000,0x00000042a5300000) (1024K)]
  0x0000020423ab1e60 JavaThread "Build operations Thread 4"         [_thread_blocked, id=14940, stack(0x00000042a5300000,0x00000042a5400000) (1024K)]
  0x0000020423ab0ab0 JavaThread "Build operations Thread 5"         [_thread_in_Java, id=9088, stack(0x00000042a5400000,0x00000042a5500000) (1024K)]
  0x0000020423ab45c0 JavaThread "Build operations Thread 6"         [_thread_in_native, id=10616, stack(0x00000042a5500000,0x00000042a5600000) (1024K)]
  0x0000020423ab1140 JavaThread "Build operations Thread 7"         [_thread_in_native, id=11064, stack(0x00000042a5600000,0x00000042a5700000) (1024K)]
  0x0000020423ab5970 JavaThread "Build operations Thread 8"         [_thread_in_native, id=8160, stack(0x00000042a5700000,0x00000042a5800000) (1024K)]
  0x0000020423ab4c50 JavaThread "Build operations Thread 9"         [_thread_blocked, id=2072, stack(0x00000042a5800000,0x00000042a5900000) (1024K)]
  0x0000020423ab6000 JavaThread "Build operations Thread 10"        [_thread_in_native, id=9604, stack(0x00000042a5900000,0x00000042a5a00000) (1024K)]
  0x0000020423ab52e0 JavaThread "Build operations Thread 11"        [_thread_in_Java, id=11484, stack(0x00000042a5a00000,0x00000042a5b00000) (1024K)]
  0x0000020423ab6690 JavaThread "Build operations Thread 12"        [_thread_in_native, id=13932, stack(0x00000042a5b00000,0x00000042a5c00000) (1024K)]
  0x00000204224623a0 JavaThread "pool-1-thread-1"                   [_thread_blocked, id=12356, stack(0x00000042a4a00000,0x00000042a4b00000) (1024K)]
  0x000002042869f0e0 JavaThread "Kotlin DSL Writer"                 [_thread_blocked, id=8312, stack(0x00000042a4f00000,0x00000042a5000000) (1024K)]
  0x0000020428053630 JavaThread "Unconstrained build operations"        [_thread_blocked, id=12248, stack(0x00000042a5e00000,0x00000042a5f00000) (1024K)]
  0x00000204227cd220 JavaThread "Unconstrained build operations Thread 2"        [_thread_blocked, id=13296, stack(0x00000042a5f00000,0x00000042a6000000) (1024K)]
  0x00000204227ca430 JavaThread "Unconstrained build operations Thread 3"        [_thread_blocked, id=8244, stack(0x00000042a6000000,0x00000042a6100000) (1024K)]
  0x00000204227caac0 JavaThread "Unconstrained build operations Thread 4"        [_thread_blocked, id=16016, stack(0x00000042a6100000,0x00000042a6200000) (1024K)]
  0x00000204227cb7e0 JavaThread "Unconstrained build operations Thread 5"        [_thread_blocked, id=14536, stack(0x00000042a6200000,0x00000042a6300000) (1024K)]
  0x00000204227cb150 JavaThread "Unconstrained build operations Thread 6"        [_thread_blocked, id=11836, stack(0x00000042a6300000,0x00000042a6400000) (1024K)]
  0x00000204227cbe70 JavaThread "Unconstrained build operations Thread 7"        [_thread_blocked, id=2764, stack(0x00000042a6400000,0x00000042a6500000) (1024K)]
  0x00000204227c9da0 JavaThread "Unconstrained build operations Thread 8"        [_thread_blocked, id=12388, stack(0x00000042a6500000,0x00000042a6600000) (1024K)]
  0x00000204227cc500 JavaThread "Unconstrained build operations Thread 9"        [_thread_blocked, id=2752, stack(0x00000042a6600000,0x00000042a6700000) (1024K)]
  0x00000204227ccb90 JavaThread "Unconstrained build operations Thread 10"        [_thread_blocked, id=14788, stack(0x00000042a6700000,0x00000042a6800000) (1024K)]
  0x000002043c46e8a0 JavaThread "Unconstrained build operations Thread 11"        [_thread_blocked, id=8932, stack(0x00000042a6800000,0x00000042a6900000) (1024K)]
  0x0000020423ecb5e0 JavaThread "Unconstrained build operations Thread 12"        [_thread_blocked, id=11008, stack(0x00000042a6900000,0x00000042a6a00000) (1024K)]
  0x0000020423eca230 JavaThread "Unconstrained build operations Thread 13"        [_thread_blocked, id=8712, stack(0x00000042a6a00000,0x00000042a6b00000) (1024K)]
  0x0000020423eca8c0 JavaThread "Unconstrained build operations Thread 14"        [_thread_blocked, id=16296, stack(0x00000042a6b00000,0x00000042a6c00000) (1024K)]
  0x000002043cf6fa10 JavaThread "Unconstrained build operations Thread 15"        [_thread_blocked, id=11676, stack(0x00000042a6c00000,0x00000042a6d00000) (1024K)]
  0x0000020424f222b0 JavaThread "Unconstrained build operations Thread 16"        [_thread_blocked, id=10844, stack(0x00000042a6d00000,0x00000042a6e00000) (1024K)]
  0x0000020424f22940 JavaThread "Unconstrained build operations Thread 17"        [_thread_blocked, id=13140, stack(0x00000042a6e00000,0x00000042a6f00000) (1024K)]
  0x0000020424f22fd0 JavaThread "Unconstrained build operations Thread 18"        [_thread_blocked, id=1856, stack(0x00000042a6f00000,0x00000042a7000000) (1024K)]
  0x0000020424f21c20 JavaThread "Unconstrained build operations Thread 19"        [_thread_blocked, id=9640, stack(0x00000042a7000000,0x00000042a7100000) (1024K)]
  0x0000020426311150 JavaThread "Unconstrained build operations Thread 20"        [_thread_blocked, id=5788, stack(0x00000042a7100000,0x00000042a7200000) (1024K)]
  0x00000204263117e0 JavaThread "Unconstrained build operations Thread 21"        [_thread_blocked, id=12436, stack(0x00000042a7200000,0x00000042a7300000) (1024K)]
  0x0000020427b6bc30 JavaThread "Unconstrained build operations Thread 22"        [_thread_blocked, id=6492, stack(0x00000042a7300000,0x00000042a7400000) (1024K)]
  0x0000020427b6c950 JavaThread "Unconstrained build operations Thread 23"        [_thread_blocked, id=6436, stack(0x00000042a7400000,0x00000042a7500000) (1024K)]
  0x0000020427b6e390 JavaThread "Unconstrained build operations Thread 24"        [_thread_blocked, id=13572, stack(0x00000042a7500000,0x00000042a7600000) (1024K)]
  0x0000020427b6c2c0 JavaThread "Unconstrained build operations Thread 25"        [_thread_blocked, id=1696, stack(0x00000042a7600000,0x00000042a7700000) (1024K)]
  0x000002042868aa30 JavaThread "Unconstrained build operations Thread 26"        [_thread_blocked, id=14584, stack(0x00000042a7700000,0x00000042a7800000) (1024K)]
  0x0000020425eb4a00 JavaThread "Unconstrained build operations Thread 27"        [_thread_blocked, id=15976, stack(0x00000042a7800000,0x00000042a7900000) (1024K)]
  0x0000020425eb3ce0 JavaThread "Unconstrained build operations Thread 28"        [_thread_blocked, id=9544, stack(0x00000042a7900000,0x00000042a7a00000) (1024K)]
  0x0000020425eb4370 JavaThread "Unconstrained build operations Thread 29"        [_thread_blocked, id=12516, stack(0x00000042a7a00000,0x00000042a7b00000) (1024K)]
  0x000002043bbded90 JavaThread "Unconstrained build operations Thread 30"        [_thread_blocked, id=15948, stack(0x00000042a7b00000,0x00000042a7c00000) (1024K)]
  0x000002043bbdbfa0 JavaThread "Unconstrained build operations Thread 31"        [_thread_blocked, id=4908, stack(0x00000042a7c00000,0x00000042a7d00000) (1024K)]
  0x000002043bbdd350 JavaThread "Unconstrained build operations Thread 32"        [_thread_blocked, id=4956, stack(0x00000042a7d00000,0x00000042a7e00000) (1024K)]
  0x000002043bbdb910 JavaThread "Unconstrained build operations Thread 33"        [_thread_blocked, id=2832, stack(0x00000042a7e00000,0x00000042a7f00000) (1024K)]
  0x000002043bbde700 JavaThread "Unconstrained build operations Thread 34"        [_thread_blocked, id=10260, stack(0x00000042a7f00000,0x00000042a8000000) (1024K)]
  0x000002043bbdc630 JavaThread "Unconstrained build operations Thread 35"        [_thread_blocked, id=12784, stack(0x00000042a8000000,0x00000042a8100000) (1024K)]
  0x000002043bbdd9e0 JavaThread "Unconstrained build operations Thread 36"        [_thread_blocked, id=6316, stack(0x00000042a8100000,0x00000042a8200000) (1024K)]
  0x000002043bbdccc0 JavaThread "Unconstrained build operations Thread 37"        [_thread_blocked, id=15400, stack(0x00000042a8200000,0x00000042a8300000) (1024K)]
  0x000002043bbde070 JavaThread "Unconstrained build operations Thread 38"        [_thread_blocked, id=5792, stack(0x00000042a8300000,0x00000042a8400000) (1024K)]
  0x000002042783f140 JavaThread "Unconstrained build operations Thread 39"        [_thread_blocked, id=3332, stack(0x00000042a8400000,0x00000042a8500000) (1024K)]
  0x00000204241ed2c0 JavaThread "Unconstrained build operations Thread 40"        [_thread_blocked, id=14600, stack(0x00000042a8500000,0x00000042a8600000) (1024K)]
  0x00000204241ee670 JavaThread "Unconstrained build operations Thread 41"        [_thread_blocked, id=11076, stack(0x00000042a8600000,0x00000042a8700000) (1024K)]
  0x00000204241eed00 JavaThread "Unconstrained build operations Thread 42"        [_thread_blocked, id=10204, stack(0x00000042a8700000,0x00000042a8800000) (1024K)]
  0x00000204241efa20 JavaThread "Unconstrained build operations Thread 43"        [_thread_blocked, id=15808, stack(0x00000042a8800000,0x00000042a8900000) (1024K)]
  0x00000204241edfe0 JavaThread "Unconstrained build operations Thread 44"        [_thread_blocked, id=12780, stack(0x00000042a8900000,0x00000042a8a00000) (1024K)]
  0x00000204241ef390 JavaThread "Unconstrained build operations Thread 45"        [_thread_blocked, id=15044, stack(0x00000042a8a00000,0x00000042a8b00000) (1024K)]
  0x000002042783fe60 JavaThread "Unconstrained build operations Thread 46"        [_thread_blocked, id=10540, stack(0x00000042a8b00000,0x00000042a8c00000) (1024K)]
  0x000002042783f7d0 JavaThread "Unconstrained build operations Thread 47"        [_thread_blocked, id=10280, stack(0x00000042a8c00000,0x00000042a8d00000) (1024K)]
  0x000002042783c9e0 JavaThread "Unconstrained build operations Thread 48"        [_thread_blocked, id=2356, stack(0x00000042a8d00000,0x00000042a8e00000) (1024K)]
  0x000002042783d070 JavaThread "Unconstrained build operations Thread 49"        [_thread_blocked, id=10168, stack(0x00000042a8e00000,0x00000042a8f00000) (1024K)]
  0x000002042783e420 JavaThread "Unconstrained build operations Thread 50"        [_thread_blocked, id=11536, stack(0x00000042a8f00000,0x00000042a9000000) (1024K)]
  0x000002042783d700 JavaThread "Unconstrained build operations Thread 51"        [_thread_blocked, id=4340, stack(0x00000042a9000000,0x00000042a9100000) (1024K)]
=>0x0000020427c5e190 JavaThread "C2 CompilerThread1"         daemon [_thread_in_native, id=2784, stack(0x00000042a0f00000,0x00000042a1000000) (1024K)]
Total: 110

Other Threads:
  0x000002041b191860 VMThread "VM Thread"                           [id=6324, stack(0x00000042a1700000,0x00000042a1800000) (1024K)]
  0x000002041afce190 WatcherThread "VM Periodic Task Thread"        [id=8224, stack(0x00000042a1600000,0x00000042a1700000) (1024K)]
  0x000002040123e010 WorkerThread "GC Thread#0"                     [id=11088, stack(0x00000042a1100000,0x00000042a1200000) (1024K)]
  0x00000204205e7330 WorkerThread "GC Thread#1"                     [id=12712, stack(0x00000042a2300000,0x00000042a2400000) (1024K)]
  0x0000020420601650 WorkerThread "GC Thread#2"                     [id=6856, stack(0x00000042a2400000,0x00000042a2500000) (1024K)]
  0x0000020420601a00 WorkerThread "GC Thread#3"                     [id=7816, stack(0x00000042a2500000,0x00000042a2600000) (1024K)]
  0x0000020420806870 WorkerThread "GC Thread#4"                     [id=6592, stack(0x00000042a2600000,0x00000042a2700000) (1024K)]
  0x0000020420782690 WorkerThread "GC Thread#5"                     [id=8580, stack(0x00000042a2c00000,0x00000042a2d00000) (1024K)]
  0x00000204228f6420 WorkerThread "GC Thread#6"                     [id=14572, stack(0x00000042a2d00000,0x00000042a2e00000) (1024K)]
  0x0000020421e07000 WorkerThread "GC Thread#7"                     [id=8456, stack(0x00000042a2e00000,0x00000042a2f00000) (1024K)]
  0x0000020421e05630 WorkerThread "GC Thread#8"                     [id=9208, stack(0x00000042a2f00000,0x00000042a3000000) (1024K)]
  0x0000020421e059e0 WorkerThread "GC Thread#9"                     [id=16112, stack(0x00000042a3000000,0x00000042a3100000) (1024K)]
  0x0000020403544770 ConcurrentGCThread "G1 Main Marker"            [id=6692, stack(0x00000042a1200000,0x00000042a1300000) (1024K)]
  0x0000020403545fd0 WorkerThread "G1 Conc#0"                       [id=9952, stack(0x00000042a1300000,0x00000042a1400000) (1024K)]
  0x0000020421e05d90 WorkerThread "G1 Conc#1"                       [id=14148, stack(0x00000042a3100000,0x00000042a3200000) (1024K)]
  0x0000020421e06140 WorkerThread "G1 Conc#2"                       [id=7812, stack(0x00000042a3200000,0x00000042a3300000) (1024K)]
  0x000002041aea0570 ConcurrentGCThread "G1 Refine#0"               [id=13544, stack(0x00000042a1400000,0x00000042a1500000) (1024K)]
  0x000002041aea0da0 ConcurrentGCThread "G1 Service"                [id=12428, stack(0x00000042a1500000,0x00000042a1600000) (1024K)]
Total: 18

Threads with active compile tasks:
C2 CompilerThread0  92573 24732       4       org.objectweb.asm.ClassReader::accept (1419 bytes)
C1 CompilerThread0  92573 24770 %     3       org.objectweb.asm.ClassReader::readCode @ 4683 (5117 bytes)
C2 CompilerThread1  92573 24764       4       org.objectweb.asm.tree.MethodNode::visitFrame (47 bytes)
Total: 3

VM state: not at safepoint (normal execution)

VM Mutex/Monitor currently owned by a thread: None

Heap address: 0x0000000080000000, size: 2048 MB, Compressed Oops mode: 32-bit

CDS archive(s) not mapped
Compressed class space mapped at: 0x0000000100000000-0x0000000140000000, reserved size: 1073741824
Narrow klass base: 0x0000000000000000, Narrow klass shift: 3, Narrow klass range: 0x140000000

GC Precious Log:
 CardTable entry size: 512
 Card Set container configuration: InlinePtr #cards 5 size 8 Array Of Cards #cards 12 size 40 Howl #buckets 4 coarsen threshold 1843 Howl Bitmap #cards 512 size 80 coarsen threshold 460 Card regions per heap region 1 cards per card region 2048
 CPUs: 12 total, 12 available
 Memory: 7549M
 Large Page Support: Disabled
 NUMA Support: Disabled
 Compressed Oops: Enabled (32-bit)
 Heap Region Size: 1M
 Heap Min Capacity: 8M
 Heap Initial Capacity: 118M
 Heap Max Capacity: 2G
 Pre-touch: Disabled
 Parallel Workers: 10
 Concurrent Workers: 3
 Concurrent Refinement Workers: 10
 Periodic GC: Disabled

Heap:
 garbage-first heap   total 576512K, used 228211K [0x0000000080000000, 0x0000000100000000)
  region size 1024K, 65 young (66560K), 16 survivors (16384K)
 Metaspace       used 172138K, committed 174272K, reserved 1245184K
  class space    used 22200K, committed 23232K, reserved 1048576K

Heap Regions: E=young(eden), S=young(survivor), O=old, HS=humongous(starts), HC=humongous(continues), CS=collection set, F=free, TAMS=top-at-mark-start, PB=parsable bottom
|   0|0x0000000080000000, 0x0000000080100000, 0x0000000080100000|100%|HS|  |TAMS 0x0000000080000000| PB 0x0000000080000000| Complete 
|   1|0x0000000080100000, 0x0000000080200000, 0x0000000080200000|100%|HC|  |TAMS 0x0000000080100000| PB 0x0000000080100000| Complete 
|   2|0x0000000080200000, 0x0000000080300000, 0x0000000080300000|100%|HC|  |TAMS 0x0000000080200000| PB 0x0000000080200000| Complete 
|   3|0x0000000080300000, 0x0000000080400000, 0x0000000080400000|100%|HC|  |TAMS 0x0000000080300000| PB 0x0000000080300000| Complete 
|   4|0x0000000080400000, 0x0000000080500000, 0x0000000080500000|100%| O|  |TAMS 0x0000000080400000| PB 0x0000000080400000| Untracked 
|   5|0x0000000080500000, 0x0000000080600000, 0x0000000080600000|100%| O|  |TAMS 0x0000000080500000| PB 0x0000000080500000| Untracked 
|   6|0x0000000080600000, 0x0000000080700000, 0x0000000080700000|100%| O|  |TAMS 0x0000000080600000| PB 0x0000000080600000| Untracked 
|   7|0x0000000080700000, 0x0000000080800000, 0x0000000080800000|100%| O|  |TAMS 0x0000000080700000| PB 0x0000000080700000| Untracked 
|   8|0x0000000080800000, 0x0000000080900000, 0x0000000080900000|100%| O|  |TAMS 0x0000000080800000| PB 0x0000000080800000| Untracked 
|   9|0x0000000080900000, 0x0000000080a00000, 0x0000000080a00000|100%| O|  |TAMS 0x0000000080900000| PB 0x0000000080900000| Untracked 
|  10|0x0000000080a00000, 0x0000000080b00000, 0x0000000080b00000|100%| O|  |TAMS 0x0000000080a00000| PB 0x0000000080a00000| Untracked 
|  11|0x0000000080b00000, 0x0000000080c00000, 0x0000000080c00000|100%|HS|  |TAMS 0x0000000080b00000| PB 0x0000000080b00000| Complete 
|  12|0x0000000080c00000, 0x0000000080d00000, 0x0000000080d00000|100%| O|  |TAMS 0x0000000080c00000| PB 0x0000000080c00000| Untracked 
|  13|0x0000000080d00000, 0x0000000080e00000, 0x0000000080e00000|100%| O|  |TAMS 0x0000000080d00000| PB 0x0000000080d00000| Untracked 
|  14|0x0000000080e00000, 0x0000000080f00000, 0x0000000080f00000|100%| O|  |TAMS 0x0000000080e00000| PB 0x0000000080e00000| Untracked 
|  15|0x0000000080f00000, 0x0000000081000000, 0x0000000081000000|100%|HS|  |TAMS 0x0000000080f00000| PB 0x0000000080f00000| Complete 
|  16|0x0000000081000000, 0x0000000081100000, 0x0000000081100000|100%|HC|  |TAMS 0x0000000081000000| PB 0x0000000081000000| Complete 
|  17|0x0000000081100000, 0x0000000081200000, 0x0000000081200000|100%|HC|  |TAMS 0x0000000081100000| PB 0x0000000081100000| Complete 
|  18|0x0000000081200000, 0x0000000081300000, 0x0000000081300000|100%|HC|  |TAMS 0x0000000081200000| PB 0x0000000081200000| Complete 
|  19|0x0000000081300000, 0x0000000081400000, 0x0000000081400000|100%|HC|  |TAMS 0x0000000081300000| PB 0x0000000081300000| Complete 
|  20|0x0000000081400000, 0x0000000081500000, 0x0000000081500000|100%|HC|  |TAMS 0x0000000081400000| PB 0x0000000081400000| Complete 
|  21|0x0000000081500000, 0x0000000081600000, 0x0000000081600000|100%|HS|  |TAMS 0x0000000081500000| PB 0x0000000081500000| Complete 
|  22|0x0000000081600000, 0x0000000081700000, 0x0000000081700000|100%|HC|  |TAMS 0x0000000081600000| PB 0x0000000081600000| Complete 
|  23|0x0000000081700000, 0x0000000081800000, 0x0000000081800000|100%|HS|  |TAMS 0x0000000081700000| PB 0x0000000081700000| Complete 
|  24|0x0000000081800000, 0x0000000081900000, 0x0000000081900000|100%|HS|  |TAMS 0x0000000081800000| PB 0x0000000081800000| Complete 
|  25|0x0000000081900000, 0x0000000081a00000, 0x0000000081a00000|100%|HC|  |TAMS 0x0000000081900000| PB 0x0000000081900000| Complete 
|  26|0x0000000081a00000, 0x0000000081b00000, 0x0000000081b00000|100%|HC|  |TAMS 0x0000000081a00000| PB 0x0000000081a00000| Complete 
|  27|0x0000000081b00000, 0x0000000081c00000, 0x0000000081c00000|100%|HC|  |TAMS 0x0000000081b00000| PB 0x0000000081b00000| Complete 
|  28|0x0000000081c00000, 0x0000000081d00000, 0x0000000081d00000|100%|HC|  |TAMS 0x0000000081c00000| PB 0x0000000081c00000| Complete 
|  29|0x0000000081d00000, 0x0000000081e00000, 0x0000000081e00000|100%|HC|  |TAMS 0x0000000081d00000| PB 0x0000000081d00000| Complete 
|  30|0x0000000081e00000, 0x0000000081f00000, 0x0000000081f00000|100%|HS|  |TAMS 0x0000000081e00000| PB 0x0000000081e00000| Complete 
|  31|0x0000000081f00000, 0x0000000082000000, 0x0000000082000000|100%|HC|  |TAMS 0x0000000081f00000| PB 0x0000000081f00000| Complete 
|  32|0x0000000082000000, 0x0000000082100000, 0x0000000082100000|100%|HS|  |TAMS 0x0000000082000000| PB 0x0000000082000000| Complete 
|  33|0x0000000082100000, 0x0000000082200000, 0x0000000082200000|100%| O|  |TAMS 0x0000000082100000| PB 0x0000000082100000| Untracked 
|  34|0x0000000082200000, 0x0000000082300000, 0x0000000082300000|100%| O|  |TAMS 0x0000000082200000| PB 0x0000000082200000| Untracked 
|  35|0x0000000082300000, 0x0000000082400000, 0x0000000082400000|100%| O|  |TAMS 0x0000000082300000| PB 0x0000000082300000| Untracked 
|  36|0x0000000082400000, 0x0000000082500000, 0x0000000082500000|100%| O|  |TAMS 0x0000000082400000| PB 0x0000000082400000| Untracked 
|  37|0x0000000082500000, 0x0000000082600000, 0x0000000082600000|100%| O|  |TAMS 0x0000000082500000| PB 0x0000000082500000| Untracked 
|  38|0x0000000082600000, 0x0000000082700000, 0x0000000082700000|100%| O|  |TAMS 0x0000000082600000| PB 0x0000000082600000| Untracked 
|  39|0x0000000082700000, 0x0000000082800000, 0x0000000082800000|100%| O|  |TAMS 0x0000000082700000| PB 0x0000000082700000| Untracked 
|  40|0x0000000082800000, 0x0000000082900000, 0x0000000082900000|100%| O|  |TAMS 0x0000000082800000| PB 0x0000000082800000| Untracked 
|  41|0x0000000082900000, 0x0000000082a00000, 0x0000000082a00000|100%| O|  |TAMS 0x0000000082900000| PB 0x0000000082900000| Untracked 
|  42|0x0000000082a00000, 0x0000000082b00000, 0x0000000082b00000|100%| O|  |TAMS 0x0000000082a00000| PB 0x0000000082a00000| Untracked 
|  43|0x0000000082b00000, 0x0000000082c00000, 0x0000000082c00000|100%| O|  |TAMS 0x0000000082b00000| PB 0x0000000082b00000| Untracked 
|  44|0x0000000082c00000, 0x0000000082d00000, 0x0000000082d00000|100%| O|  |TAMS 0x0000000082c00000| PB 0x0000000082c00000| Untracked 
|  45|0x0000000082d00000, 0x0000000082e00000, 0x0000000082e00000|100%| O|  |TAMS 0x0000000082d00000| PB 0x0000000082d00000| Untracked 
|  46|0x0000000082e00000, 0x0000000082f00000, 0x0000000082f00000|100%| O|  |TAMS 0x0000000082e00000| PB 0x0000000082e00000| Untracked 
|  47|0x0000000082f00000, 0x0000000083000000, 0x0000000083000000|100%| O|  |TAMS 0x0000000082f00000| PB 0x0000000082f00000| Untracked 
|  48|0x0000000083000000, 0x0000000083100000, 0x0000000083100000|100%| O|  |TAMS 0x0000000083000000| PB 0x0000000083000000| Untracked 
|  49|0x0000000083100000, 0x0000000083200000, 0x0000000083200000|100%| O|  |TAMS 0x0000000083100000| PB 0x0000000083100000| Untracked 
|  50|0x0000000083200000, 0x0000000083300000, 0x0000000083300000|100%| O|  |TAMS 0x0000000083200000| PB 0x0000000083200000| Untracked 
|  51|0x0000000083300000, 0x0000000083400000, 0x0000000083400000|100%| O|  |TAMS 0x0000000083300000| PB 0x0000000083300000| Untracked 
|  52|0x0000000083400000, 0x0000000083500000, 0x0000000083500000|100%| O|  |TAMS 0x0000000083400000| PB 0x0000000083400000| Untracked 
|  53|0x0000000083500000, 0x0000000083600000, 0x0000000083600000|100%| O|  |TAMS 0x0000000083500000| PB 0x0000000083500000| Untracked 
|  54|0x0000000083600000, 0x0000000083700000, 0x0000000083700000|100%| O|  |TAMS 0x0000000083600000| PB 0x0000000083600000| Untracked 
|  55|0x0000000083700000, 0x0000000083800000, 0x0000000083800000|100%| O|  |TAMS 0x0000000083700000| PB 0x0000000083700000| Untracked 
|  56|0x0000000083800000, 0x0000000083900000, 0x0000000083900000|100%| O|  |TAMS 0x0000000083800000| PB 0x0000000083800000| Untracked 
|  57|0x0000000083900000, 0x0000000083a00000, 0x0000000083a00000|100%| O|  |TAMS 0x0000000083900000| PB 0x0000000083900000| Untracked 
|  58|0x0000000083a00000, 0x0000000083b00000, 0x0000000083b00000|100%| O|  |TAMS 0x0000000083a00000| PB 0x0000000083a00000| Untracked 
|  59|0x0000000083b00000, 0x0000000083c00000, 0x0000000083c00000|100%| O|  |TAMS 0x0000000083b00000| PB 0x0000000083b00000| Untracked 
|  60|0x0000000083c00000, 0x0000000083d00000, 0x0000000083d00000|100%| O|  |TAMS 0x0000000083c00000| PB 0x0000000083c00000| Untracked 
|  61|0x0000000083d00000, 0x0000000083e00000, 0x0000000083e00000|100%|HS|  |TAMS 0x0000000083d00000| PB 0x0000000083d00000| Complete 
|  62|0x0000000083e00000, 0x0000000083f00000, 0x0000000083f00000|100%|HC|  |TAMS 0x0000000083e00000| PB 0x0000000083e00000| Complete 
|  63|0x0000000083f00000, 0x0000000084000000, 0x0000000084000000|100%| O|  |TAMS 0x0000000083f00000| PB 0x0000000083f00000| Untracked 
|  64|0x0000000084000000, 0x0000000084100000, 0x0000000084100000|100%| O|  |TAMS 0x0000000084000000| PB 0x0000000084000000| Untracked 
|  65|0x0000000084100000, 0x0000000084200000, 0x0000000084200000|100%| O|  |TAMS 0x0000000084100000| PB 0x0000000084100000| Untracked 
|  66|0x0000000084200000, 0x0000000084300000, 0x0000000084300000|100%| O|  |TAMS 0x0000000084200000| PB 0x0000000084200000| Untracked 
|  67|0x0000000084300000, 0x0000000084400000, 0x0000000084400000|100%| O|  |TAMS 0x0000000084300000| PB 0x0000000084300000| Untracked 
|  68|0x0000000084400000, 0x0000000084500000, 0x0000000084500000|100%| O|  |TAMS 0x0000000084400000| PB 0x0000000084400000| Untracked 
|  69|0x0000000084500000, 0x0000000084600000, 0x0000000084600000|100%| O|  |TAMS 0x0000000084500000| PB 0x0000000084500000| Untracked 
|  70|0x0000000084600000, 0x0000000084700000, 0x0000000084700000|100%| O|  |TAMS 0x0000000084600000| PB 0x0000000084600000| Untracked 
|  71|0x0000000084700000, 0x0000000084800000, 0x0000000084800000|100%| O|  |TAMS 0x0000000084700000| PB 0x0000000084700000| Untracked 
|  72|0x0000000084800000, 0x0000000084900000, 0x0000000084900000|100%| O|  |TAMS 0x0000000084800000| PB 0x0000000084800000| Untracked 
|  73|0x0000000084900000, 0x0000000084a00000, 0x0000000084a00000|100%| O|  |TAMS 0x0000000084900000| PB 0x0000000084900000| Untracked 
|  74|0x0000000084a00000, 0x0000000084b00000, 0x0000000084b00000|100%| O|  |TAMS 0x0000000084a00000| PB 0x0000000084a00000| Untracked 
|  75|0x0000000084b00000, 0x0000000084c00000, 0x0000000084c00000|100%| O|  |TAMS 0x0000000084b00000| PB 0x0000000084b00000| Untracked 
|  76|0x0000000084c00000, 0x0000000084c00000, 0x0000000084d00000|  0%| F|  |TAMS 0x0000000084c00000| PB 0x0000000084c00000| Untracked 
|  77|0x0000000084d00000, 0x0000000084e00000, 0x0000000084e00000|100%|HS|  |TAMS 0x0000000084d00000| PB 0x0000000084d00000| Complete 
|  78|0x0000000084e00000, 0x0000000084f00000, 0x0000000084f00000|100%| O|  |TAMS 0x0000000084e00000| PB 0x0000000084e00000| Untracked 
|  79|0x0000000084f00000, 0x0000000085000000, 0x0000000085000000|100%| O|  |TAMS 0x0000000084f00000| PB 0x0000000084f00000| Untracked 
|  80|0x0000000085000000, 0x0000000085100000, 0x0000000085100000|100%| O|  |TAMS 0x0000000085000000| PB 0x0000000085000000| Untracked 
|  81|0x0000000085100000, 0x0000000085200000, 0x0000000085200000|100%|HS|  |TAMS 0x0000000085100000| PB 0x0000000085100000| Complete 
|  82|0x0000000085200000, 0x0000000085300000, 0x0000000085300000|100%| O|  |TAMS 0x0000000085200000| PB 0x0000000085200000| Untracked 
|  83|0x0000000085300000, 0x0000000085400000, 0x0000000085400000|100%| O|  |TAMS 0x0000000085300000| PB 0x0000000085300000| Untracked 
|  84|0x0000000085400000, 0x0000000085500000, 0x0000000085500000|100%| O|  |TAMS 0x0000000085400000| PB 0x0000000085400000| Untracked 
|  85|0x0000000085500000, 0x0000000085600000, 0x0000000085600000|100%| O|  |TAMS 0x0000000085500000| PB 0x0000000085500000| Untracked 
|  86|0x0000000085600000, 0x0000000085600000, 0x0000000085700000|  0%| F|  |TAMS 0x0000000085600000| PB 0x0000000085600000| Untracked 
|  87|0x0000000085700000, 0x0000000085800000, 0x0000000085800000|100%| O|  |TAMS 0x0000000085700000| PB 0x0000000085700000| Untracked 
|  88|0x0000000085800000, 0x0000000085900000, 0x0000000085900000|100%| O|  |TAMS 0x0000000085800000| PB 0x0000000085800000| Untracked 
|  89|0x0000000085900000, 0x0000000085a00000, 0x0000000085a00000|100%| O|  |TAMS 0x0000000085900000| PB 0x0000000085900000| Untracked 
|  90|0x0000000085a00000, 0x0000000085b00000, 0x0000000085b00000|100%| O|  |TAMS 0x0000000085a00000| PB 0x0000000085a00000| Untracked 
|  91|0x0000000085b00000, 0x0000000085bdcec0, 0x0000000085c00000| 86%| O|  |TAMS 0x0000000085b00000| PB 0x0000000085b00000| Untracked 
|  92|0x0000000085c00000, 0x0000000085c00000, 0x0000000085d00000|  0%| F|  |TAMS 0x0000000085c00000| PB 0x0000000085c00000| Untracked 
|  93|0x0000000085d00000, 0x0000000085d00000, 0x0000000085e00000|  0%| F|  |TAMS 0x0000000085d00000| PB 0x0000000085d00000| Untracked 
|  94|0x0000000085e00000, 0x0000000085e00000, 0x0000000085f00000|  0%| F|  |TAMS 0x0000000085e00000| PB 0x0000000085e00000| Untracked 
|  95|0x0000000085f00000, 0x0000000085f00000, 0x0000000086000000|  0%| F|  |TAMS 0x0000000085f00000| PB 0x0000000085f00000| Untracked 
|  96|0x0000000086000000, 0x0000000086100000, 0x0000000086100000|100%| O|  |TAMS 0x0000000086000000| PB 0x0000000086000000| Untracked 
|  97|0x0000000086100000, 0x0000000086100000, 0x0000000086200000|  0%| F|  |TAMS 0x0000000086100000| PB 0x0000000086100000| Untracked 
|  98|0x0000000086200000, 0x0000000086300000, 0x0000000086300000|100%| O|  |TAMS 0x0000000086200000| PB 0x0000000086200000| Untracked 
|  99|0x0000000086300000, 0x0000000086400000, 0x0000000086400000|100%| O|  |TAMS 0x0000000086300000| PB 0x0000000086300000| Untracked 
| 100|0x0000000086400000, 0x0000000086500000, 0x0000000086500000|100%| O|  |TAMS 0x0000000086400000| PB 0x0000000086400000| Untracked 
| 101|0x0000000086500000, 0x0000000086500000, 0x0000000086600000|  0%| F|  |TAMS 0x0000000086500000| PB 0x0000000086500000| Untracked 
| 102|0x0000000086600000, 0x0000000086700000, 0x0000000086700000|100%| O|  |TAMS 0x0000000086600000| PB 0x0000000086600000| Untracked 
| 103|0x0000000086700000, 0x0000000086800000, 0x0000000086800000|100%| O|  |TAMS 0x0000000086700000| PB 0x0000000086700000| Untracked 
| 104|0x0000000086800000, 0x0000000086900000, 0x0000000086900000|100%| O|  |TAMS 0x0000000086800000| PB 0x0000000086800000| Untracked 
| 105|0x0000000086900000, 0x0000000086a00000, 0x0000000086a00000|100%| O|  |TAMS 0x0000000086900000| PB 0x0000000086900000| Untracked 
| 106|0x0000000086a00000, 0x0000000086b00000, 0x0000000086b00000|100%| O|  |TAMS 0x0000000086a00000| PB 0x0000000086a00000| Untracked 
| 107|0x0000000086b00000, 0x0000000086c00000, 0x0000000086c00000|100%| O|  |TAMS 0x0000000086b00000| PB 0x0000000086b00000| Untracked 
| 108|0x0000000086c00000, 0x0000000086d00000, 0x0000000086d00000|100%| O|  |TAMS 0x0000000086c00000| PB 0x0000000086c00000| Untracked 
| 109|0x0000000086d00000, 0x0000000086d00000, 0x0000000086e00000|  0%| F|  |TAMS 0x0000000086d00000| PB 0x0000000086d00000| Untracked 
| 110|0x0000000086e00000, 0x0000000086e00000, 0x0000000086f00000|  0%| F|  |TAMS 0x0000000086e00000| PB 0x0000000086e00000| Untracked 
| 111|0x0000000086f00000, 0x0000000087000000, 0x0000000087000000|100%| O|  |TAMS 0x0000000086f00000| PB 0x0000000086f00000| Untracked 
| 112|0x0000000087000000, 0x0000000087000000, 0x0000000087100000|  0%| F|  |TAMS 0x0000000087000000| PB 0x0000000087000000| Untracked 
| 113|0x0000000087100000, 0x0000000087200000, 0x0000000087200000|100%| O|  |TAMS 0x0000000087100000| PB 0x0000000087100000| Untracked 
| 114|0x0000000087200000, 0x0000000087300000, 0x0000000087300000|100%| O|  |TAMS 0x0000000087200000| PB 0x0000000087200000| Untracked 
| 115|0x0000000087300000, 0x0000000087400000, 0x0000000087400000|100%| O|  |TAMS 0x0000000087300000| PB 0x0000000087300000| Untracked 
| 116|0x0000000087400000, 0x0000000087500000, 0x0000000087500000|100%| O|  |TAMS 0x0000000087400000| PB 0x0000000087400000| Untracked 
| 117|0x0000000087500000, 0x0000000087600000, 0x0000000087600000|100%| O|  |TAMS 0x0000000087500000| PB 0x0000000087500000| Untracked 
| 118|0x0000000087600000, 0x0000000087700000, 0x0000000087700000|100%| O|  |TAMS 0x0000000087600000| PB 0x0000000087600000| Untracked 
| 119|0x0000000087700000, 0x0000000087800000, 0x0000000087800000|100%| O|  |TAMS 0x0000000087700000| PB 0x0000000087700000| Untracked 
| 120|0x0000000087800000, 0x0000000087900000, 0x0000000087900000|100%| O|  |TAMS 0x0000000087800000| PB 0x0000000087800000| Untracked 
| 121|0x0000000087900000, 0x0000000087a00000, 0x0000000087a00000|100%| O|  |TAMS 0x0000000087900000| PB 0x0000000087900000| Untracked 
| 122|0x0000000087a00000, 0x0000000087b00000, 0x0000000087b00000|100%| O|  |TAMS 0x0000000087a00000| PB 0x0000000087a00000| Untracked 
| 123|0x0000000087b00000, 0x0000000087c00000, 0x0000000087c00000|100%| O|  |TAMS 0x0000000087b00000| PB 0x0000000087b00000| Untracked 
| 124|0x0000000087c00000, 0x0000000087d00000, 0x0000000087d00000|100%| O|  |TAMS 0x0000000087c00000| PB 0x0000000087c00000| Untracked 
| 125|0x0000000087d00000, 0x0000000087e00000, 0x0000000087e00000|100%| O|  |TAMS 0x0000000087d00000| PB 0x0000000087d00000| Untracked 
| 126|0x0000000087e00000, 0x0000000087e00000, 0x0000000087f00000|  0%| F|  |TAMS 0x0000000087e00000| PB 0x0000000087e00000| Untracked 
| 127|0x0000000087f00000, 0x0000000088000000, 0x0000000088000000|100%| O|  |TAMS 0x0000000087f00000| PB 0x0000000087f00000| Untracked 
| 128|0x0000000088000000, 0x0000000088100000, 0x0000000088100000|100%| O|  |TAMS 0x0000000088000000| PB 0x0000000088000000| Untracked 
| 129|0x0000000088100000, 0x0000000088200000, 0x0000000088200000|100%| O|  |TAMS 0x0000000088100000| PB 0x0000000088100000| Untracked 
| 130|0x0000000088200000, 0x0000000088300000, 0x0000000088300000|100%| O|  |TAMS 0x0000000088200000| PB 0x0000000088200000| Untracked 
| 131|0x0000000088300000, 0x0000000088400000, 0x0000000088400000|100%|HS|  |TAMS 0x0000000088300000| PB 0x0000000088300000| Complete 
| 132|0x0000000088400000, 0x0000000088500000, 0x0000000088500000|100%|HC|  |TAMS 0x0000000088400000| PB 0x0000000088400000| Complete 
| 133|0x0000000088500000, 0x0000000088600000, 0x0000000088600000|100%| O|  |TAMS 0x0000000088500000| PB 0x0000000088500000| Untracked 
| 134|0x0000000088600000, 0x0000000088700000, 0x0000000088700000|100%| O|  |TAMS 0x0000000088600000| PB 0x0000000088600000| Untracked 
| 135|0x0000000088700000, 0x0000000088800000, 0x0000000088800000|100%| O|  |TAMS 0x0000000088700000| PB 0x0000000088700000| Untracked 
| 136|0x0000000088800000, 0x0000000088900000, 0x0000000088900000|100%| O|  |TAMS 0x0000000088800000| PB 0x0000000088800000| Untracked 
| 137|0x0000000088900000, 0x0000000088a00000, 0x0000000088a00000|100%| O|  |TAMS 0x0000000088900000| PB 0x0000000088900000| Untracked 
| 138|0x0000000088a00000, 0x0000000088b00000, 0x0000000088b00000|100%| O|  |TAMS 0x0000000088a00000| PB 0x0000000088a00000| Untracked 
| 139|0x0000000088b00000, 0x0000000088c00000, 0x0000000088c00000|100%| O|  |TAMS 0x0000000088b00000| PB 0x0000000088b00000| Untracked 
| 140|0x0000000088c00000, 0x0000000088d00000, 0x0000000088d00000|100%| O|  |TAMS 0x0000000088c00000| PB 0x0000000088c00000| Untracked 
| 141|0x0000000088d00000, 0x0000000088e00000, 0x0000000088e00000|100%| O|  |TAMS 0x0000000088d00000| PB 0x0000000088d00000| Untracked 
| 142|0x0000000088e00000, 0x0000000088f00000, 0x0000000088f00000|100%| O|  |TAMS 0x0000000088e00000| PB 0x0000000088e00000| Untracked 
| 143|0x0000000088f00000, 0x0000000089000000, 0x0000000089000000|100%| O|  |TAMS 0x0000000088f00000| PB 0x0000000088f00000| Untracked 
| 144|0x0000000089000000, 0x0000000089000000, 0x0000000089100000|  0%| F|  |TAMS 0x0000000089000000| PB 0x0000000089000000| Untracked 
| 145|0x0000000089100000, 0x0000000089100000, 0x0000000089200000|  0%| F|  |TAMS 0x0000000089100000| PB 0x0000000089100000| Untracked 
| 146|0x0000000089200000, 0x0000000089300000, 0x0000000089300000|100%| O|  |TAMS 0x0000000089200000| PB 0x0000000089200000| Untracked 
| 147|0x0000000089300000, 0x0000000089400000, 0x0000000089400000|100%| O|  |TAMS 0x0000000089300000| PB 0x0000000089300000| Untracked 
| 148|0x0000000089400000, 0x0000000089400000, 0x0000000089500000|  0%| F|  |TAMS 0x0000000089400000| PB 0x0000000089400000| Untracked 
| 149|0x0000000089500000, 0x0000000089500000, 0x0000000089600000|  0%| F|  |TAMS 0x0000000089500000| PB 0x0000000089500000| Untracked 
| 150|0x0000000089600000, 0x0000000089600000, 0x0000000089700000|  0%| F|  |TAMS 0x0000000089600000| PB 0x0000000089600000| Untracked 
| 151|0x0000000089700000, 0x0000000089700000, 0x0000000089800000|  0%| F|  |TAMS 0x0000000089700000| PB 0x0000000089700000| Untracked 
| 152|0x0000000089800000, 0x0000000089800000, 0x0000000089900000|  0%| F|  |TAMS 0x0000000089800000| PB 0x0000000089800000| Untracked 
| 153|0x0000000089900000, 0x0000000089900000, 0x0000000089a00000|  0%| F|  |TAMS 0x0000000089900000| PB 0x0000000089900000| Untracked 
| 154|0x0000000089a00000, 0x0000000089a00000, 0x0000000089b00000|  0%| F|  |TAMS 0x0000000089a00000| PB 0x0000000089a00000| Untracked 
| 155|0x0000000089b00000, 0x0000000089b00000, 0x0000000089c00000|  0%| F|  |TAMS 0x0000000089b00000| PB 0x0000000089b00000| Untracked 
| 156|0x0000000089c00000, 0x0000000089c00000, 0x0000000089d00000|  0%| F|  |TAMS 0x0000000089c00000| PB 0x0000000089c00000| Untracked 
| 157|0x0000000089d00000, 0x0000000089d00000, 0x0000000089e00000|  0%| F|  |TAMS 0x0000000089d00000| PB 0x0000000089d00000| Untracked 
| 158|0x0000000089e00000, 0x0000000089e00000, 0x0000000089f00000|  0%| F|  |TAMS 0x0000000089e00000| PB 0x0000000089e00000| Untracked 
| 159|0x0000000089f00000, 0x000000008a000000, 0x000000008a000000|100%| O|  |TAMS 0x0000000089f00000| PB 0x0000000089f00000| Untracked 
| 160|0x000000008a000000, 0x000000008a100000, 0x000000008a100000|100%| O|  |TAMS 0x000000008a000000| PB 0x000000008a000000| Untracked 
| 161|0x000000008a100000, 0x000000008a200000, 0x000000008a200000|100%| O|  |TAMS 0x000000008a100000| PB 0x000000008a100000| Untracked 
| 162|0x000000008a200000, 0x000000008a300000, 0x000000008a300000|100%| O|  |TAMS 0x000000008a200000| PB 0x000000008a200000| Untracked 
| 163|0x000000008a300000, 0x000000008a300000, 0x000000008a400000|  0%| F|  |TAMS 0x000000008a300000| PB 0x000000008a300000| Untracked 
| 164|0x000000008a400000, 0x000000008a400000, 0x000000008a500000|  0%| F|  |TAMS 0x000000008a400000| PB 0x000000008a400000| Untracked 
| 165|0x000000008a500000, 0x000000008a500000, 0x000000008a600000|  0%| F|  |TAMS 0x000000008a500000| PB 0x000000008a500000| Untracked 
| 166|0x000000008a600000, 0x000000008a600000, 0x000000008a700000|  0%| F|  |TAMS 0x000000008a600000| PB 0x000000008a600000| Untracked 
| 167|0x000000008a700000, 0x000000008a800000, 0x000000008a800000|100%| O|  |TAMS 0x000000008a700000| PB 0x000000008a700000| Untracked 
| 168|0x000000008a800000, 0x000000008a900000, 0x000000008a900000|100%| O|  |TAMS 0x000000008a800000| PB 0x000000008a800000| Untracked 
| 169|0x000000008a900000, 0x000000008a900000, 0x000000008aa00000|  0%| F|  |TAMS 0x000000008a900000| PB 0x000000008a900000| Untracked 
| 170|0x000000008aa00000, 0x000000008aa00000, 0x000000008ab00000|  0%| F|  |TAMS 0x000000008aa00000| PB 0x000000008aa00000| Untracked 
| 171|0x000000008ab00000, 0x000000008ab00000, 0x000000008ac00000|  0%| F|  |TAMS 0x000000008ab00000| PB 0x000000008ab00000| Untracked 
| 172|0x000000008ac00000, 0x000000008ac00000, 0x000000008ad00000|  0%| F|  |TAMS 0x000000008ac00000| PB 0x000000008ac00000| Untracked 
| 173|0x000000008ad00000, 0x000000008ad00000, 0x000000008ae00000|  0%| F|  |TAMS 0x000000008ad00000| PB 0x000000008ad00000| Untracked 
| 174|0x000000008ae00000, 0x000000008ae00000, 0x000000008af00000|  0%| F|  |TAMS 0x000000008ae00000| PB 0x000000008ae00000| Untracked 
| 175|0x000000008af00000, 0x000000008af00000, 0x000000008b000000|  0%| F|  |TAMS 0x000000008af00000| PB 0x000000008af00000| Untracked 
| 176|0x000000008b000000, 0x000000008b100000, 0x000000008b100000|100%| O|  |TAMS 0x000000008b000000| PB 0x000000008b000000| Untracked 
| 177|0x000000008b100000, 0x000000008b200000, 0x000000008b200000|100%| O|  |TAMS 0x000000008b100000| PB 0x000000008b100000| Untracked 
| 178|0x000000008b200000, 0x000000008b300000, 0x000000008b300000|100%| O|  |TAMS 0x000000008b200000| PB 0x000000008b200000| Untracked 
| 179|0x000000008b300000, 0x000000008b400000, 0x000000008b400000|100%| O|  |TAMS 0x000000008b300000| PB 0x000000008b300000| Untracked 
| 180|0x000000008b400000, 0x000000008b400000, 0x000000008b500000|  0%| F|  |TAMS 0x000000008b400000| PB 0x000000008b400000| Untracked 
| 181|0x000000008b500000, 0x000000008b600000, 0x000000008b600000|100%| O|  |TAMS 0x000000008b500000| PB 0x000000008b500000| Untracked 
| 182|0x000000008b600000, 0x000000008b700000, 0x000000008b700000|100%| O|  |TAMS 0x000000008b600000| PB 0x000000008b600000| Untracked 
| 183|0x000000008b700000, 0x000000008b800000, 0x000000008b800000|100%| O|  |TAMS 0x000000008b700000| PB 0x000000008b700000| Untracked 
| 184|0x000000008b800000, 0x000000008b900000, 0x000000008b900000|100%| O|  |TAMS 0x000000008b800000| PB 0x000000008b800000| Untracked 
| 185|0x000000008b900000, 0x000000008b900000, 0x000000008ba00000|  0%| F|  |TAMS 0x000000008b900000| PB 0x000000008b900000| Untracked 
| 186|0x000000008ba00000, 0x000000008bb00000, 0x000000008bb00000|100%| O|  |TAMS 0x000000008ba00000| PB 0x000000008ba00000| Untracked 
| 187|0x000000008bb00000, 0x000000008bb00000, 0x000000008bc00000|  0%| F|  |TAMS 0x000000008bb00000| PB 0x000000008bb00000| Untracked 
| 188|0x000000008bc00000, 0x000000008bc00000, 0x000000008bd00000|  0%| F|  |TAMS 0x000000008bc00000| PB 0x000000008bc00000| Untracked 
| 189|0x000000008bd00000, 0x000000008bd00000, 0x000000008be00000|  0%| F|  |TAMS 0x000000008bd00000| PB 0x000000008bd00000| Untracked 
| 190|0x000000008be00000, 0x000000008be00000, 0x000000008bf00000|  0%| F|  |TAMS 0x000000008be00000| PB 0x000000008be00000| Untracked 
| 191|0x000000008bf00000, 0x000000008bf00000, 0x000000008c000000|  0%| F|  |TAMS 0x000000008bf00000| PB 0x000000008bf00000| Untracked 
| 192|0x000000008c000000, 0x000000008c000000, 0x000000008c100000|  0%| F|  |TAMS 0x000000008c000000| PB 0x000000008c000000| Untracked 
| 193|0x000000008c100000, 0x000000008c100000, 0x000000008c200000|  0%| F|  |TAMS 0x000000008c100000| PB 0x000000008c100000| Untracked 
| 194|0x000000008c200000, 0x000000008c200000, 0x000000008c300000|  0%| F|  |TAMS 0x000000008c200000| PB 0x000000008c200000| Untracked 
| 195|0x000000008c300000, 0x000000008c300000, 0x000000008c400000|  0%| F|  |TAMS 0x000000008c300000| PB 0x000000008c300000| Untracked 
| 196|0x000000008c400000, 0x000000008c400000, 0x000000008c500000|  0%| F|  |TAMS 0x000000008c400000| PB 0x000000008c400000| Untracked 
| 197|0x000000008c500000, 0x000000008c500000, 0x000000008c600000|  0%| F|  |TAMS 0x000000008c500000| PB 0x000000008c500000| Untracked 
| 198|0x000000008c600000, 0x000000008c600000, 0x000000008c700000|  0%| F|  |TAMS 0x000000008c600000| PB 0x000000008c600000| Untracked 
| 199|0x000000008c700000, 0x000000008c700000, 0x000000008c800000|  0%| F|  |TAMS 0x000000008c700000| PB 0x000000008c700000| Untracked 
| 200|0x000000008c800000, 0x000000008c800000, 0x000000008c900000|  0%| F|  |TAMS 0x000000008c800000| PB 0x000000008c800000| Untracked 
| 201|0x000000008c900000, 0x000000008c900000, 0x000000008ca00000|  0%| F|  |TAMS 0x000000008c900000| PB 0x000000008c900000| Untracked 
| 202|0x000000008ca00000, 0x000000008ca00000, 0x000000008cb00000|  0%| F|  |TAMS 0x000000008ca00000| PB 0x000000008ca00000| Untracked 
| 203|0x000000008cb00000, 0x000000008cb00000, 0x000000008cc00000|  0%| F|  |TAMS 0x000000008cb00000| PB 0x000000008cb00000| Untracked 
| 204|0x000000008cc00000, 0x000000008cc00000, 0x000000008cd00000|  0%| F|  |TAMS 0x000000008cc00000| PB 0x000000008cc00000| Untracked 
| 205|0x000000008cd00000, 0x000000008cd00000, 0x000000008ce00000|  0%| F|  |TAMS 0x000000008cd00000| PB 0x000000008cd00000| Untracked 
| 206|0x000000008ce00000, 0x000000008ce00000, 0x000000008cf00000|  0%| F|  |TAMS 0x000000008ce00000| PB 0x000000008ce00000| Untracked 
| 207|0x000000008cf00000, 0x000000008cf00000, 0x000000008d000000|  0%| F|  |TAMS 0x000000008cf00000| PB 0x000000008cf00000| Untracked 
| 208|0x000000008d000000, 0x000000008d000000, 0x000000008d100000|  0%| F|  |TAMS 0x000000008d000000| PB 0x000000008d000000| Untracked 
| 209|0x000000008d100000, 0x000000008d100000, 0x000000008d200000|  0%| F|  |TAMS 0x000000008d100000| PB 0x000000008d100000| Untracked 
| 210|0x000000008d200000, 0x000000008d200000, 0x000000008d300000|  0%| F|  |TAMS 0x000000008d200000| PB 0x000000008d200000| Untracked 
| 211|0x000000008d300000, 0x000000008d300000, 0x000000008d400000|  0%| F|  |TAMS 0x000000008d300000| PB 0x000000008d300000| Untracked 
| 212|0x000000008d400000, 0x000000008d400000, 0x000000008d500000|  0%| F|  |TAMS 0x000000008d400000| PB 0x000000008d400000| Untracked 
| 213|0x000000008d500000, 0x000000008d500000, 0x000000008d600000|  0%| F|  |TAMS 0x000000008d500000| PB 0x000000008d500000| Untracked 
| 214|0x000000008d600000, 0x000000008d600000, 0x000000008d700000|  0%| F|  |TAMS 0x000000008d600000| PB 0x000000008d600000| Untracked 
| 215|0x000000008d700000, 0x000000008d700000, 0x000000008d800000|  0%| F|  |TAMS 0x000000008d700000| PB 0x000000008d700000| Untracked 
| 216|0x000000008d800000, 0x000000008d800000, 0x000000008d900000|  0%| F|  |TAMS 0x000000008d800000| PB 0x000000008d800000| Untracked 
| 217|0x000000008d900000, 0x000000008d900000, 0x000000008da00000|  0%| F|  |TAMS 0x000000008d900000| PB 0x000000008d900000| Untracked 
| 218|0x000000008da00000, 0x000000008da00000, 0x000000008db00000|  0%| F|  |TAMS 0x000000008da00000| PB 0x000000008da00000| Untracked 
| 219|0x000000008db00000, 0x000000008dc00000, 0x000000008dc00000|100%| S|CS|TAMS 0x000000008db00000| PB 0x000000008db00000| Complete 
| 220|0x000000008dc00000, 0x000000008dd00000, 0x000000008dd00000|100%| S|CS|TAMS 0x000000008dc00000| PB 0x000000008dc00000| Complete 
| 221|0x000000008dd00000, 0x000000008de00000, 0x000000008de00000|100%| S|CS|TAMS 0x000000008dd00000| PB 0x000000008dd00000| Complete 
| 222|0x000000008de00000, 0x000000008df00000, 0x000000008df00000|100%| S|CS|TAMS 0x000000008de00000| PB 0x000000008de00000| Complete 
| 223|0x000000008df00000, 0x000000008e000000, 0x000000008e000000|100%| S|CS|TAMS 0x000000008df00000| PB 0x000000008df00000| Complete 
| 224|0x000000008e000000, 0x000000008e100000, 0x000000008e100000|100%| S|CS|TAMS 0x000000008e000000| PB 0x000000008e000000| Complete 
| 225|0x000000008e100000, 0x000000008e200000, 0x000000008e200000|100%| S|CS|TAMS 0x000000008e100000| PB 0x000000008e100000| Complete 
| 226|0x000000008e200000, 0x000000008e300000, 0x000000008e300000|100%| S|CS|TAMS 0x000000008e200000| PB 0x000000008e200000| Complete 
| 227|0x000000008e300000, 0x000000008e400000, 0x000000008e400000|100%| S|CS|TAMS 0x000000008e300000| PB 0x000000008e300000| Complete 
| 228|0x000000008e400000, 0x000000008e500000, 0x000000008e500000|100%| S|CS|TAMS 0x000000008e400000| PB 0x000000008e400000| Complete 
| 229|0x000000008e500000, 0x000000008e600000, 0x000000008e600000|100%| S|CS|TAMS 0x000000008e500000| PB 0x000000008e500000| Complete 
| 230|0x000000008e600000, 0x000000008e700000, 0x000000008e700000|100%| S|CS|TAMS 0x000000008e600000| PB 0x000000008e600000| Complete 
| 231|0x000000008e700000, 0x000000008e800000, 0x000000008e800000|100%| S|CS|TAMS 0x000000008e700000| PB 0x000000008e700000| Complete 
| 232|0x000000008e800000, 0x000000008e900000, 0x000000008e900000|100%| S|CS|TAMS 0x000000008e800000| PB 0x000000008e800000| Complete 
| 233|0x000000008e900000, 0x000000008ea00000, 0x000000008ea00000|100%| S|CS|TAMS 0x000000008e900000| PB 0x000000008e900000| Complete 
| 234|0x000000008ea00000, 0x000000008eb00000, 0x000000008eb00000|100%| S|CS|TAMS 0x000000008ea00000| PB 0x000000008ea00000| Complete 
| 235|0x000000008eb00000, 0x000000008eb00000, 0x000000008ec00000|  0%| F|  |TAMS 0x000000008eb00000| PB 0x000000008eb00000| Untracked 
| 236|0x000000008ec00000, 0x000000008ec00000, 0x000000008ed00000|  0%| F|  |TAMS 0x000000008ec00000| PB 0x000000008ec00000| Untracked 
| 237|0x000000008ed00000, 0x000000008ed00000, 0x000000008ee00000|  0%| F|  |TAMS 0x000000008ed00000| PB 0x000000008ed00000| Untracked 
| 238|0x000000008ee00000, 0x000000008ee00000, 0x000000008ef00000|  0%| F|  |TAMS 0x000000008ee00000| PB 0x000000008ee00000| Untracked 
| 239|0x000000008ef00000, 0x000000008ef00000, 0x000000008f000000|  0%| F|  |TAMS 0x000000008ef00000| PB 0x000000008ef00000| Untracked 
| 240|0x000000008f000000, 0x000000008f000000, 0x000000008f100000|  0%| F|  |TAMS 0x000000008f000000| PB 0x000000008f000000| Untracked 
| 241|0x000000008f100000, 0x000000008f100000, 0x000000008f200000|  0%| F|  |TAMS 0x000000008f100000| PB 0x000000008f100000| Untracked 
| 242|0x000000008f200000, 0x000000008f200000, 0x000000008f300000|  0%| F|  |TAMS 0x000000008f200000| PB 0x000000008f200000| Untracked 
| 243|0x000000008f300000, 0x000000008f300000, 0x000000008f400000|  0%| F|  |TAMS 0x000000008f300000| PB 0x000000008f300000| Untracked 
| 244|0x000000008f400000, 0x000000008f400000, 0x000000008f500000|  0%| F|  |TAMS 0x000000008f400000| PB 0x000000008f400000| Untracked 
| 245|0x000000008f500000, 0x000000008f500000, 0x000000008f600000|  0%| F|  |TAMS 0x000000008f500000| PB 0x000000008f500000| Untracked 
| 246|0x000000008f600000, 0x000000008f600000, 0x000000008f700000|  0%| F|  |TAMS 0x000000008f600000| PB 0x000000008f600000| Untracked 
| 247|0x000000008f700000, 0x000000008f700000, 0x000000008f800000|  0%| F|  |TAMS 0x000000008f700000| PB 0x000000008f700000| Untracked 
| 248|0x000000008f800000, 0x000000008f800000, 0x000000008f900000|  0%| F|  |TAMS 0x000000008f800000| PB 0x000000008f800000| Untracked 
| 249|0x000000008f900000, 0x000000008f900000, 0x000000008fa00000|  0%| F|  |TAMS 0x000000008f900000| PB 0x000000008f900000| Untracked 
| 250|0x000000008fa00000, 0x000000008fa00000, 0x000000008fb00000|  0%| F|  |TAMS 0x000000008fa00000| PB 0x000000008fa00000| Untracked 
| 251|0x000000008fb00000, 0x000000008fb00000, 0x000000008fc00000|  0%| F|  |TAMS 0x000000008fb00000| PB 0x000000008fb00000| Untracked 
| 252|0x000000008fc00000, 0x000000008fc00000, 0x000000008fd00000|  0%| F|  |TAMS 0x000000008fc00000| PB 0x000000008fc00000| Untracked 
| 253|0x000000008fd00000, 0x000000008fd00000, 0x000000008fe00000|  0%| F|  |TAMS 0x000000008fd00000| PB 0x000000008fd00000| Untracked 
| 254|0x000000008fe00000, 0x000000008fe00000, 0x000000008ff00000|  0%| F|  |TAMS 0x000000008fe00000| PB 0x000000008fe00000| Untracked 
| 255|0x000000008ff00000, 0x000000008ff00000, 0x0000000090000000|  0%| F|  |TAMS 0x000000008ff00000| PB 0x000000008ff00000| Untracked 
| 256|0x0000000090000000, 0x0000000090000000, 0x0000000090100000|  0%| F|  |TAMS 0x0000000090000000| PB 0x0000000090000000| Untracked 
| 257|0x0000000090100000, 0x0000000090100000, 0x0000000090200000|  0%| F|  |TAMS 0x0000000090100000| PB 0x0000000090100000| Untracked 
| 258|0x0000000090200000, 0x0000000090200000, 0x0000000090300000|  0%| F|  |TAMS 0x0000000090200000| PB 0x0000000090200000| Untracked 
| 259|0x0000000090300000, 0x0000000090300000, 0x0000000090400000|  0%| F|  |TAMS 0x0000000090300000| PB 0x0000000090300000| Untracked 
| 260|0x0000000090400000, 0x0000000090400000, 0x0000000090500000|  0%| F|  |TAMS 0x0000000090400000| PB 0x0000000090400000| Untracked 
| 261|0x0000000090500000, 0x0000000090500000, 0x0000000090600000|  0%| F|  |TAMS 0x0000000090500000| PB 0x0000000090500000| Untracked 
| 262|0x0000000090600000, 0x0000000090600000, 0x0000000090700000|  0%| F|  |TAMS 0x0000000090600000| PB 0x0000000090600000| Untracked 
| 263|0x0000000090700000, 0x0000000090700000, 0x0000000090800000|  0%| F|  |TAMS 0x0000000090700000| PB 0x0000000090700000| Untracked 
| 264|0x0000000090800000, 0x0000000090800000, 0x0000000090900000|  0%| F|  |TAMS 0x0000000090800000| PB 0x0000000090800000| Untracked 
| 265|0x0000000090900000, 0x0000000090900000, 0x0000000090a00000|  0%| F|  |TAMS 0x0000000090900000| PB 0x0000000090900000| Untracked 
| 266|0x0000000090a00000, 0x0000000090a00000, 0x0000000090b00000|  0%| F|  |TAMS 0x0000000090a00000| PB 0x0000000090a00000| Untracked 
| 267|0x0000000090b00000, 0x0000000090b00000, 0x0000000090c00000|  0%| F|  |TAMS 0x0000000090b00000| PB 0x0000000090b00000| Untracked 
| 268|0x0000000090c00000, 0x0000000090c00000, 0x0000000090d00000|  0%| F|  |TAMS 0x0000000090c00000| PB 0x0000000090c00000| Untracked 
| 269|0x0000000090d00000, 0x0000000090d00000, 0x0000000090e00000|  0%| F|  |TAMS 0x0000000090d00000| PB 0x0000000090d00000| Untracked 
| 270|0x0000000090e00000, 0x0000000090e00000, 0x0000000090f00000|  0%| F|  |TAMS 0x0000000090e00000| PB 0x0000000090e00000| Untracked 
| 271|0x0000000090f00000, 0x0000000090f00000, 0x0000000091000000|  0%| F|  |TAMS 0x0000000090f00000| PB 0x0000000090f00000| Untracked 
| 272|0x0000000091000000, 0x0000000091000000, 0x0000000091100000|  0%| F|  |TAMS 0x0000000091000000| PB 0x0000000091000000| Untracked 
| 273|0x0000000091100000, 0x0000000091100000, 0x0000000091200000|  0%| F|  |TAMS 0x0000000091100000| PB 0x0000000091100000| Untracked 
| 274|0x0000000091200000, 0x0000000091200000, 0x0000000091300000|  0%| F|  |TAMS 0x0000000091200000| PB 0x0000000091200000| Untracked 
| 275|0x0000000091300000, 0x0000000091300000, 0x0000000091400000|  0%| F|  |TAMS 0x0000000091300000| PB 0x0000000091300000| Untracked 
| 276|0x0000000091400000, 0x0000000091400000, 0x0000000091500000|  0%| F|  |TAMS 0x0000000091400000| PB 0x0000000091400000| Untracked 
| 277|0x0000000091500000, 0x0000000091500000, 0x0000000091600000|  0%| F|  |TAMS 0x0000000091500000| PB 0x0000000091500000| Untracked 
| 278|0x0000000091600000, 0x0000000091600000, 0x0000000091700000|  0%| F|  |TAMS 0x0000000091600000| PB 0x0000000091600000| Untracked 
| 279|0x0000000091700000, 0x0000000091700000, 0x0000000091800000|  0%| F|  |TAMS 0x0000000091700000| PB 0x0000000091700000| Untracked 
| 280|0x0000000091800000, 0x0000000091800000, 0x0000000091900000|  0%| F|  |TAMS 0x0000000091800000| PB 0x0000000091800000| Untracked 
| 281|0x0000000091900000, 0x0000000091900000, 0x0000000091a00000|  0%| F|  |TAMS 0x0000000091900000| PB 0x0000000091900000| Untracked 
| 282|0x0000000091a00000, 0x0000000091a00000, 0x0000000091b00000|  0%| F|  |TAMS 0x0000000091a00000| PB 0x0000000091a00000| Untracked 
| 283|0x0000000091b00000, 0x0000000091b00000, 0x0000000091c00000|  0%| F|  |TAMS 0x0000000091b00000| PB 0x0000000091b00000| Untracked 
| 284|0x0000000091c00000, 0x0000000091c00000, 0x0000000091d00000|  0%| F|  |TAMS 0x0000000091c00000| PB 0x0000000091c00000| Untracked 
| 285|0x0000000091d00000, 0x0000000091d00000, 0x0000000091e00000|  0%| F|  |TAMS 0x0000000091d00000| PB 0x0000000091d00000| Untracked 
| 286|0x0000000091e00000, 0x0000000091e00000, 0x0000000091f00000|  0%| F|  |TAMS 0x0000000091e00000| PB 0x0000000091e00000| Untracked 
| 287|0x0000000091f00000, 0x0000000091f00000, 0x0000000092000000|  0%| F|  |TAMS 0x0000000091f00000| PB 0x0000000091f00000| Untracked 
| 288|0x0000000092000000, 0x0000000092000000, 0x0000000092100000|  0%| F|  |TAMS 0x0000000092000000| PB 0x0000000092000000| Untracked 
| 289|0x0000000092100000, 0x0000000092100000, 0x0000000092200000|  0%| F|  |TAMS 0x0000000092100000| PB 0x0000000092100000| Untracked 
| 290|0x0000000092200000, 0x0000000092200000, 0x0000000092300000|  0%| F|  |TAMS 0x0000000092200000| PB 0x0000000092200000| Untracked 
| 291|0x0000000092300000, 0x0000000092300000, 0x0000000092400000|  0%| F|  |TAMS 0x0000000092300000| PB 0x0000000092300000| Untracked 
| 292|0x0000000092400000, 0x0000000092400000, 0x0000000092500000|  0%| F|  |TAMS 0x0000000092400000| PB 0x0000000092400000| Untracked 
| 293|0x0000000092500000, 0x0000000092500000, 0x0000000092600000|  0%| F|  |TAMS 0x0000000092500000| PB 0x0000000092500000| Untracked 
| 294|0x0000000092600000, 0x0000000092600000, 0x0000000092700000|  0%| F|  |TAMS 0x0000000092600000| PB 0x0000000092600000| Untracked 
| 295|0x0000000092700000, 0x0000000092700000, 0x0000000092800000|  0%| F|  |TAMS 0x0000000092700000| PB 0x0000000092700000| Untracked 
| 296|0x0000000092800000, 0x0000000092800000, 0x0000000092900000|  0%| F|  |TAMS 0x0000000092800000| PB 0x0000000092800000| Untracked 
| 297|0x0000000092900000, 0x0000000092900000, 0x0000000092a00000|  0%| F|  |TAMS 0x0000000092900000| PB 0x0000000092900000| Untracked 
| 298|0x0000000092a00000, 0x0000000092a00000, 0x0000000092b00000|  0%| F|  |TAMS 0x0000000092a00000| PB 0x0000000092a00000| Untracked 
| 299|0x0000000092b00000, 0x0000000092b00000, 0x0000000092c00000|  0%| F|  |TAMS 0x0000000092b00000| PB 0x0000000092b00000| Untracked 
| 300|0x0000000092c00000, 0x0000000092c00000, 0x0000000092d00000|  0%| F|  |TAMS 0x0000000092c00000| PB 0x0000000092c00000| Untracked 
| 301|0x0000000092d00000, 0x0000000092d00000, 0x0000000092e00000|  0%| F|  |TAMS 0x0000000092d00000| PB 0x0000000092d00000| Untracked 
| 302|0x0000000092e00000, 0x0000000092e00000, 0x0000000092f00000|  0%| F|  |TAMS 0x0000000092e00000| PB 0x0000000092e00000| Untracked 
| 303|0x0000000092f00000, 0x0000000092f00000, 0x0000000093000000|  0%| F|  |TAMS 0x0000000092f00000| PB 0x0000000092f00000| Untracked 
| 304|0x0000000093000000, 0x0000000093000000, 0x0000000093100000|  0%| F|  |TAMS 0x0000000093000000| PB 0x0000000093000000| Untracked 
| 305|0x0000000093100000, 0x0000000093100000, 0x0000000093200000|  0%| F|  |TAMS 0x0000000093100000| PB 0x0000000093100000| Untracked 
| 306|0x0000000093200000, 0x0000000093200000, 0x0000000093300000|  0%| F|  |TAMS 0x0000000093200000| PB 0x0000000093200000| Untracked 
| 307|0x0000000093300000, 0x0000000093300000, 0x0000000093400000|  0%| F|  |TAMS 0x0000000093300000| PB 0x0000000093300000| Untracked 
| 308|0x0000000093400000, 0x0000000093400000, 0x0000000093500000|  0%| F|  |TAMS 0x0000000093400000| PB 0x0000000093400000| Untracked 
| 309|0x0000000093500000, 0x0000000093500000, 0x0000000093600000|  0%| F|  |TAMS 0x0000000093500000| PB 0x0000000093500000| Untracked 
| 310|0x0000000093600000, 0x0000000093600000, 0x0000000093700000|  0%| F|  |TAMS 0x0000000093600000| PB 0x0000000093600000| Untracked 
| 311|0x0000000093700000, 0x0000000093700000, 0x0000000093800000|  0%| F|  |TAMS 0x0000000093700000| PB 0x0000000093700000| Untracked 
| 312|0x0000000093800000, 0x0000000093800000, 0x0000000093900000|  0%| F|  |TAMS 0x0000000093800000| PB 0x0000000093800000| Untracked 
| 313|0x0000000093900000, 0x0000000093900000, 0x0000000093a00000|  0%| F|  |TAMS 0x0000000093900000| PB 0x0000000093900000| Untracked 
| 314|0x0000000093a00000, 0x0000000093a00000, 0x0000000093b00000|  0%| F|  |TAMS 0x0000000093a00000| PB 0x0000000093a00000| Untracked 
| 315|0x0000000093b00000, 0x0000000093b00000, 0x0000000093c00000|  0%| F|  |TAMS 0x0000000093b00000| PB 0x0000000093b00000| Untracked 
| 316|0x0000000093c00000, 0x0000000093c00000, 0x0000000093d00000|  0%| F|  |TAMS 0x0000000093c00000| PB 0x0000000093c00000| Untracked 
| 317|0x0000000093d00000, 0x0000000093d00000, 0x0000000093e00000|  0%| F|  |TAMS 0x0000000093d00000| PB 0x0000000093d00000| Untracked 
| 318|0x0000000093e00000, 0x0000000093e00000, 0x0000000093f00000|  0%| F|  |TAMS 0x0000000093e00000| PB 0x0000000093e00000| Untracked 
| 319|0x0000000093f00000, 0x0000000093f00000, 0x0000000094000000|  0%| F|  |TAMS 0x0000000093f00000| PB 0x0000000093f00000| Untracked 
| 320|0x0000000094000000, 0x0000000094000000, 0x0000000094100000|  0%| F|  |TAMS 0x0000000094000000| PB 0x0000000094000000| Untracked 
| 321|0x0000000094100000, 0x0000000094100000, 0x0000000094200000|  0%| F|  |TAMS 0x0000000094100000| PB 0x0000000094100000| Untracked 
| 322|0x0000000094200000, 0x0000000094200000, 0x0000000094300000|  0%| F|  |TAMS 0x0000000094200000| PB 0x0000000094200000| Untracked 
| 323|0x0000000094300000, 0x0000000094300000, 0x0000000094400000|  0%| F|  |TAMS 0x0000000094300000| PB 0x0000000094300000| Untracked 
| 324|0x0000000094400000, 0x0000000094400000, 0x0000000094500000|  0%| F|  |TAMS 0x0000000094400000| PB 0x0000000094400000| Untracked 
| 325|0x0000000094500000, 0x0000000094500000, 0x0000000094600000|  0%| F|  |TAMS 0x0000000094500000| PB 0x0000000094500000| Untracked 
| 326|0x0000000094600000, 0x0000000094600000, 0x0000000094700000|  0%| F|  |TAMS 0x0000000094600000| PB 0x0000000094600000| Untracked 
| 327|0x0000000094700000, 0x0000000094700000, 0x0000000094800000|  0%| F|  |TAMS 0x0000000094700000| PB 0x0000000094700000| Untracked 
| 328|0x0000000094800000, 0x0000000094800000, 0x0000000094900000|  0%| F|  |TAMS 0x0000000094800000| PB 0x0000000094800000| Untracked 
| 329|0x0000000094900000, 0x0000000094900000, 0x0000000094a00000|  0%| F|  |TAMS 0x0000000094900000| PB 0x0000000094900000| Untracked 
| 330|0x0000000094a00000, 0x0000000094a00000, 0x0000000094b00000|  0%| F|  |TAMS 0x0000000094a00000| PB 0x0000000094a00000| Untracked 
| 331|0x0000000094b00000, 0x0000000094b00000, 0x0000000094c00000|  0%| F|  |TAMS 0x0000000094b00000| PB 0x0000000094b00000| Untracked 
| 332|0x0000000094c00000, 0x0000000094c00000, 0x0000000094d00000|  0%| F|  |TAMS 0x0000000094c00000| PB 0x0000000094c00000| Untracked 
| 333|0x0000000094d00000, 0x0000000094d00000, 0x0000000094e00000|  0%| F|  |TAMS 0x0000000094d00000| PB 0x0000000094d00000| Untracked 
| 334|0x0000000094e00000, 0x0000000094e00000, 0x0000000094f00000|  0%| F|  |TAMS 0x0000000094e00000| PB 0x0000000094e00000| Untracked 
| 335|0x0000000094f00000, 0x0000000094f00000, 0x0000000095000000|  0%| F|  |TAMS 0x0000000094f00000| PB 0x0000000094f00000| Untracked 
| 336|0x0000000095000000, 0x0000000095000000, 0x0000000095100000|  0%| F|  |TAMS 0x0000000095000000| PB 0x0000000095000000| Untracked 
| 337|0x0000000095100000, 0x0000000095100000, 0x0000000095200000|  0%| F|  |TAMS 0x0000000095100000| PB 0x0000000095100000| Untracked 
| 338|0x0000000095200000, 0x0000000095200000, 0x0000000095300000|  0%| F|  |TAMS 0x0000000095200000| PB 0x0000000095200000| Untracked 
| 339|0x0000000095300000, 0x0000000095300000, 0x0000000095400000|  0%| F|  |TAMS 0x0000000095300000| PB 0x0000000095300000| Untracked 
| 340|0x0000000095400000, 0x0000000095400000, 0x0000000095500000|  0%| F|  |TAMS 0x0000000095400000| PB 0x0000000095400000| Untracked 
| 341|0x0000000095500000, 0x0000000095500000, 0x0000000095600000|  0%| F|  |TAMS 0x0000000095500000| PB 0x0000000095500000| Untracked 
| 342|0x0000000095600000, 0x0000000095600000, 0x0000000095700000|  0%| F|  |TAMS 0x0000000095600000| PB 0x0000000095600000| Untracked 
| 343|0x0000000095700000, 0x0000000095700000, 0x0000000095800000|  0%| F|  |TAMS 0x0000000095700000| PB 0x0000000095700000| Untracked 
| 344|0x0000000095800000, 0x0000000095800000, 0x0000000095900000|  0%| F|  |TAMS 0x0000000095800000| PB 0x0000000095800000| Untracked 
| 345|0x0000000095900000, 0x0000000095900000, 0x0000000095a00000|  0%| F|  |TAMS 0x0000000095900000| PB 0x0000000095900000| Untracked 
| 346|0x0000000095a00000, 0x0000000095a00000, 0x0000000095b00000|  0%| F|  |TAMS 0x0000000095a00000| PB 0x0000000095a00000| Untracked 
| 347|0x0000000095b00000, 0x0000000095b00000, 0x0000000095c00000|  0%| F|  |TAMS 0x0000000095b00000| PB 0x0000000095b00000| Untracked 
| 348|0x0000000095c00000, 0x0000000095c00000, 0x0000000095d00000|  0%| F|  |TAMS 0x0000000095c00000| PB 0x0000000095c00000| Untracked 
| 349|0x0000000095d00000, 0x0000000095d00000, 0x0000000095e00000|  0%| F|  |TAMS 0x0000000095d00000| PB 0x0000000095d00000| Untracked 
| 350|0x0000000095e00000, 0x0000000095e00000, 0x0000000095f00000|  0%| F|  |TAMS 0x0000000095e00000| PB 0x0000000095e00000| Untracked 
| 351|0x0000000095f00000, 0x0000000095f00000, 0x0000000096000000|  0%| F|  |TAMS 0x0000000095f00000| PB 0x0000000095f00000| Untracked 
| 352|0x0000000096000000, 0x0000000096000000, 0x0000000096100000|  0%| F|  |TAMS 0x0000000096000000| PB 0x0000000096000000| Untracked 
| 353|0x0000000096100000, 0x0000000096100000, 0x0000000096200000|  0%| F|  |TAMS 0x0000000096100000| PB 0x0000000096100000| Untracked 
| 354|0x0000000096200000, 0x0000000096200000, 0x0000000096300000|  0%| F|  |TAMS 0x0000000096200000| PB 0x0000000096200000| Untracked 
| 355|0x0000000096300000, 0x0000000096300000, 0x0000000096400000|  0%| F|  |TAMS 0x0000000096300000| PB 0x0000000096300000| Untracked 
| 356|0x0000000096400000, 0x0000000096400000, 0x0000000096500000|  0%| F|  |TAMS 0x0000000096400000| PB 0x0000000096400000| Untracked 
| 357|0x0000000096500000, 0x0000000096500000, 0x0000000096600000|  0%| F|  |TAMS 0x0000000096500000| PB 0x0000000096500000| Untracked 
| 358|0x0000000096600000, 0x0000000096600000, 0x0000000096700000|  0%| F|  |TAMS 0x0000000096600000| PB 0x0000000096600000| Untracked 
| 359|0x0000000096700000, 0x0000000096700000, 0x0000000096800000|  0%| F|  |TAMS 0x0000000096700000| PB 0x0000000096700000| Untracked 
| 360|0x0000000096800000, 0x0000000096800000, 0x0000000096900000|  0%| F|  |TAMS 0x0000000096800000| PB 0x0000000096800000| Untracked 
| 361|0x0000000096900000, 0x0000000096900000, 0x0000000096a00000|  0%| F|  |TAMS 0x0000000096900000| PB 0x0000000096900000| Untracked 
| 362|0x0000000096a00000, 0x0000000096a00000, 0x0000000096b00000|  0%| F|  |TAMS 0x0000000096a00000| PB 0x0000000096a00000| Untracked 
| 363|0x0000000096b00000, 0x0000000096b00000, 0x0000000096c00000|  0%| F|  |TAMS 0x0000000096b00000| PB 0x0000000096b00000| Untracked 
| 364|0x0000000096c00000, 0x0000000096c00000, 0x0000000096d00000|  0%| F|  |TAMS 0x0000000096c00000| PB 0x0000000096c00000| Untracked 
| 365|0x0000000096d00000, 0x0000000096d00000, 0x0000000096e00000|  0%| F|  |TAMS 0x0000000096d00000| PB 0x0000000096d00000| Untracked 
| 366|0x0000000096e00000, 0x0000000096e00000, 0x0000000096f00000|  0%| F|  |TAMS 0x0000000096e00000| PB 0x0000000096e00000| Untracked 
| 367|0x0000000096f00000, 0x0000000096f00000, 0x0000000097000000|  0%| F|  |TAMS 0x0000000096f00000| PB 0x0000000096f00000| Untracked 
| 368|0x0000000097000000, 0x0000000097000000, 0x0000000097100000|  0%| F|  |TAMS 0x0000000097000000| PB 0x0000000097000000| Untracked 
| 369|0x0000000097100000, 0x0000000097100000, 0x0000000097200000|  0%| F|  |TAMS 0x0000000097100000| PB 0x0000000097100000| Untracked 
| 370|0x0000000097200000, 0x0000000097200000, 0x0000000097300000|  0%| F|  |TAMS 0x0000000097200000| PB 0x0000000097200000| Untracked 
| 371|0x0000000097300000, 0x0000000097300000, 0x0000000097400000|  0%| F|  |TAMS 0x0000000097300000| PB 0x0000000097300000| Untracked 
| 372|0x0000000097400000, 0x0000000097400000, 0x0000000097500000|  0%| F|  |TAMS 0x0000000097400000| PB 0x0000000097400000| Untracked 
| 373|0x0000000097500000, 0x0000000097500000, 0x0000000097600000|  0%| F|  |TAMS 0x0000000097500000| PB 0x0000000097500000| Untracked 
| 374|0x0000000097600000, 0x0000000097600000, 0x0000000097700000|  0%| F|  |TAMS 0x0000000097600000| PB 0x0000000097600000| Untracked 
| 375|0x0000000097700000, 0x0000000097700000, 0x0000000097800000|  0%| F|  |TAMS 0x0000000097700000| PB 0x0000000097700000| Untracked 
| 376|0x0000000097800000, 0x0000000097800000, 0x0000000097900000|  0%| F|  |TAMS 0x0000000097800000| PB 0x0000000097800000| Untracked 
| 377|0x0000000097900000, 0x0000000097900000, 0x0000000097a00000|  0%| F|  |TAMS 0x0000000097900000| PB 0x0000000097900000| Untracked 
| 378|0x0000000097a00000, 0x0000000097a00000, 0x0000000097b00000|  0%| F|  |TAMS 0x0000000097a00000| PB 0x0000000097a00000| Untracked 
| 379|0x0000000097b00000, 0x0000000097b00000, 0x0000000097c00000|  0%| F|  |TAMS 0x0000000097b00000| PB 0x0000000097b00000| Untracked 
| 380|0x0000000097c00000, 0x0000000097c00000, 0x0000000097d00000|  0%| F|  |TAMS 0x0000000097c00000| PB 0x0000000097c00000| Untracked 
| 381|0x0000000097d00000, 0x0000000097d00000, 0x0000000097e00000|  0%| F|  |TAMS 0x0000000097d00000| PB 0x0000000097d00000| Untracked 
| 382|0x0000000097e00000, 0x0000000097e00000, 0x0000000097f00000|  0%| F|  |TAMS 0x0000000097e00000| PB 0x0000000097e00000| Untracked 
| 383|0x0000000097f00000, 0x0000000097f00000, 0x0000000098000000|  0%| F|  |TAMS 0x0000000097f00000| PB 0x0000000097f00000| Untracked 
| 384|0x0000000098000000, 0x0000000098000000, 0x0000000098100000|  0%| F|  |TAMS 0x0000000098000000| PB 0x0000000098000000| Untracked 
| 385|0x0000000098100000, 0x0000000098100000, 0x0000000098200000|  0%| F|  |TAMS 0x0000000098100000| PB 0x0000000098100000| Untracked 
| 386|0x0000000098200000, 0x0000000098200000, 0x0000000098300000|  0%| F|  |TAMS 0x0000000098200000| PB 0x0000000098200000| Untracked 
| 387|0x0000000098300000, 0x0000000098300000, 0x0000000098400000|  0%| F|  |TAMS 0x0000000098300000| PB 0x0000000098300000| Untracked 
| 388|0x0000000098400000, 0x0000000098400000, 0x0000000098500000|  0%| F|  |TAMS 0x0000000098400000| PB 0x0000000098400000| Untracked 
| 389|0x0000000098500000, 0x0000000098500000, 0x0000000098600000|  0%| F|  |TAMS 0x0000000098500000| PB 0x0000000098500000| Untracked 
| 390|0x0000000098600000, 0x0000000098600000, 0x0000000098700000|  0%| F|  |TAMS 0x0000000098600000| PB 0x0000000098600000| Untracked 
| 391|0x0000000098700000, 0x0000000098700000, 0x0000000098800000|  0%| F|  |TAMS 0x0000000098700000| PB 0x0000000098700000| Untracked 
| 392|0x0000000098800000, 0x0000000098800000, 0x0000000098900000|  0%| F|  |TAMS 0x0000000098800000| PB 0x0000000098800000| Untracked 
| 393|0x0000000098900000, 0x0000000098900000, 0x0000000098a00000|  0%| F|  |TAMS 0x0000000098900000| PB 0x0000000098900000| Untracked 
| 394|0x0000000098a00000, 0x0000000098a00000, 0x0000000098b00000|  0%| F|  |TAMS 0x0000000098a00000| PB 0x0000000098a00000| Untracked 
| 395|0x0000000098b00000, 0x0000000098b00000, 0x0000000098c00000|  0%| F|  |TAMS 0x0000000098b00000| PB 0x0000000098b00000| Untracked 
| 396|0x0000000098c00000, 0x0000000098c00000, 0x0000000098d00000|  0%| F|  |TAMS 0x0000000098c00000| PB 0x0000000098c00000| Untracked 
| 397|0x0000000098d00000, 0x0000000098d00000, 0x0000000098e00000|  0%| F|  |TAMS 0x0000000098d00000| PB 0x0000000098d00000| Untracked 
| 398|0x0000000098e00000, 0x0000000098e00000, 0x0000000098f00000|  0%| F|  |TAMS 0x0000000098e00000| PB 0x0000000098e00000| Untracked 
| 399|0x0000000098f00000, 0x0000000098f00000, 0x0000000099000000|  0%| F|  |TAMS 0x0000000098f00000| PB 0x0000000098f00000| Untracked 
| 400|0x0000000099000000, 0x0000000099000000, 0x0000000099100000|  0%| F|  |TAMS 0x0000000099000000| PB 0x0000000099000000| Untracked 
| 401|0x0000000099100000, 0x0000000099100000, 0x0000000099200000|  0%| F|  |TAMS 0x0000000099100000| PB 0x0000000099100000| Untracked 
| 402|0x0000000099200000, 0x0000000099200000, 0x0000000099300000|  0%| F|  |TAMS 0x0000000099200000| PB 0x0000000099200000| Untracked 
| 403|0x0000000099300000, 0x0000000099300000, 0x0000000099400000|  0%| F|  |TAMS 0x0000000099300000| PB 0x0000000099300000| Untracked 
| 404|0x0000000099400000, 0x0000000099400000, 0x0000000099500000|  0%| F|  |TAMS 0x0000000099400000| PB 0x0000000099400000| Untracked 
| 405|0x0000000099500000, 0x0000000099500000, 0x0000000099600000|  0%| F|  |TAMS 0x0000000099500000| PB 0x0000000099500000| Untracked 
| 406|0x0000000099600000, 0x0000000099600000, 0x0000000099700000|  0%| F|  |TAMS 0x0000000099600000| PB 0x0000000099600000| Untracked 
| 407|0x0000000099700000, 0x0000000099700000, 0x0000000099800000|  0%| F|  |TAMS 0x0000000099700000| PB 0x0000000099700000| Untracked 
| 408|0x0000000099800000, 0x0000000099800000, 0x0000000099900000|  0%| F|  |TAMS 0x0000000099800000| PB 0x0000000099800000| Untracked 
| 409|0x0000000099900000, 0x0000000099900000, 0x0000000099a00000|  0%| F|  |TAMS 0x0000000099900000| PB 0x0000000099900000| Untracked 
| 410|0x0000000099a00000, 0x0000000099a00000, 0x0000000099b00000|  0%| F|  |TAMS 0x0000000099a00000| PB 0x0000000099a00000| Untracked 
| 411|0x0000000099b00000, 0x0000000099b00000, 0x0000000099c00000|  0%| F|  |TAMS 0x0000000099b00000| PB 0x0000000099b00000| Untracked 
| 412|0x0000000099c00000, 0x0000000099c00000, 0x0000000099d00000|  0%| F|  |TAMS 0x0000000099c00000| PB 0x0000000099c00000| Untracked 
| 413|0x0000000099d00000, 0x0000000099d00000, 0x0000000099e00000|  0%| F|  |TAMS 0x0000000099d00000| PB 0x0000000099d00000| Untracked 
| 414|0x0000000099e00000, 0x0000000099e00000, 0x0000000099f00000|  0%| F|  |TAMS 0x0000000099e00000| PB 0x0000000099e00000| Untracked 
| 415|0x0000000099f00000, 0x0000000099f00000, 0x000000009a000000|  0%| F|  |TAMS 0x0000000099f00000| PB 0x0000000099f00000| Untracked 
| 416|0x000000009a000000, 0x000000009a000000, 0x000000009a100000|  0%| F|  |TAMS 0x000000009a000000| PB 0x000000009a000000| Untracked 
| 417|0x000000009a100000, 0x000000009a100000, 0x000000009a200000|  0%| F|  |TAMS 0x000000009a100000| PB 0x000000009a100000| Untracked 
| 418|0x000000009a200000, 0x000000009a200000, 0x000000009a300000|  0%| F|  |TAMS 0x000000009a200000| PB 0x000000009a200000| Untracked 
| 419|0x000000009a300000, 0x000000009a300000, 0x000000009a400000|  0%| F|  |TAMS 0x000000009a300000| PB 0x000000009a300000| Untracked 
| 420|0x000000009a400000, 0x000000009a400000, 0x000000009a500000|  0%| F|  |TAMS 0x000000009a400000| PB 0x000000009a400000| Untracked 
| 421|0x000000009a500000, 0x000000009a500000, 0x000000009a600000|  0%| F|  |TAMS 0x000000009a500000| PB 0x000000009a500000| Untracked 
| 422|0x000000009a600000, 0x000000009a600000, 0x000000009a700000|  0%| F|  |TAMS 0x000000009a600000| PB 0x000000009a600000| Untracked 
| 423|0x000000009a700000, 0x000000009a700000, 0x000000009a800000|  0%| F|  |TAMS 0x000000009a700000| PB 0x000000009a700000| Untracked 
| 424|0x000000009a800000, 0x000000009a800000, 0x000000009a900000|  0%| F|  |TAMS 0x000000009a800000| PB 0x000000009a800000| Untracked 
| 425|0x000000009a900000, 0x000000009a900000, 0x000000009aa00000|  0%| F|  |TAMS 0x000000009a900000| PB 0x000000009a900000| Untracked 
| 426|0x000000009aa00000, 0x000000009aa00000, 0x000000009ab00000|  0%| F|  |TAMS 0x000000009aa00000| PB 0x000000009aa00000| Untracked 
| 427|0x000000009ab00000, 0x000000009ab00000, 0x000000009ac00000|  0%| F|  |TAMS 0x000000009ab00000| PB 0x000000009ab00000| Untracked 
| 428|0x000000009ac00000, 0x000000009ac00000, 0x000000009ad00000|  0%| F|  |TAMS 0x000000009ac00000| PB 0x000000009ac00000| Untracked 
| 429|0x000000009ad00000, 0x000000009ad00000, 0x000000009ae00000|  0%| F|  |TAMS 0x000000009ad00000| PB 0x000000009ad00000| Untracked 
| 430|0x000000009ae00000, 0x000000009ae00000, 0x000000009af00000|  0%| F|  |TAMS 0x000000009ae00000| PB 0x000000009ae00000| Untracked 
| 431|0x000000009af00000, 0x000000009af00000, 0x000000009b000000|  0%| F|  |TAMS 0x000000009af00000| PB 0x000000009af00000| Untracked 
| 432|0x000000009b000000, 0x000000009b000000, 0x000000009b100000|  0%| F|  |TAMS 0x000000009b000000| PB 0x000000009b000000| Untracked 
| 433|0x000000009b100000, 0x000000009b100000, 0x000000009b200000|  0%| F|  |TAMS 0x000000009b100000| PB 0x000000009b100000| Untracked 
| 434|0x000000009b200000, 0x000000009b200000, 0x000000009b300000|  0%| F|  |TAMS 0x000000009b200000| PB 0x000000009b200000| Untracked 
| 435|0x000000009b300000, 0x000000009b300000, 0x000000009b400000|  0%| F|  |TAMS 0x000000009b300000| PB 0x000000009b300000| Untracked 
| 436|0x000000009b400000, 0x000000009b400000, 0x000000009b500000|  0%| F|  |TAMS 0x000000009b400000| PB 0x000000009b400000| Untracked 
| 437|0x000000009b500000, 0x000000009b500000, 0x000000009b600000|  0%| F|  |TAMS 0x000000009b500000| PB 0x000000009b500000| Untracked 
| 438|0x000000009b600000, 0x000000009b600000, 0x000000009b700000|  0%| F|  |TAMS 0x000000009b600000| PB 0x000000009b600000| Untracked 
| 439|0x000000009b700000, 0x000000009b700000, 0x000000009b800000|  0%| F|  |TAMS 0x000000009b700000| PB 0x000000009b700000| Untracked 
| 440|0x000000009b800000, 0x000000009b800000, 0x000000009b900000|  0%| F|  |TAMS 0x000000009b800000| PB 0x000000009b800000| Untracked 
| 441|0x000000009b900000, 0x000000009b900000, 0x000000009ba00000|  0%| F|  |TAMS 0x000000009b900000| PB 0x000000009b900000| Untracked 
| 442|0x000000009ba00000, 0x000000009ba00000, 0x000000009bb00000|  0%| F|  |TAMS 0x000000009ba00000| PB 0x000000009ba00000| Untracked 
| 443|0x000000009bb00000, 0x000000009bb00000, 0x000000009bc00000|  0%| F|  |TAMS 0x000000009bb00000| PB 0x000000009bb00000| Untracked 
| 444|0x000000009bc00000, 0x000000009bc00000, 0x000000009bd00000|  0%| F|  |TAMS 0x000000009bc00000| PB 0x000000009bc00000| Untracked 
| 445|0x000000009bd00000, 0x000000009bd00000, 0x000000009be00000|  0%| F|  |TAMS 0x000000009bd00000| PB 0x000000009bd00000| Untracked 
| 446|0x000000009be00000, 0x000000009be00000, 0x000000009bf00000|  0%| F|  |TAMS 0x000000009be00000| PB 0x000000009be00000| Untracked 
| 447|0x000000009bf00000, 0x000000009bf00000, 0x000000009c000000|  0%| F|  |TAMS 0x000000009bf00000| PB 0x000000009bf00000| Untracked 
| 448|0x000000009c000000, 0x000000009c000000, 0x000000009c100000|  0%| F|  |TAMS 0x000000009c000000| PB 0x000000009c000000| Untracked 
| 449|0x000000009c100000, 0x000000009c100000, 0x000000009c200000|  0%| F|  |TAMS 0x000000009c100000| PB 0x000000009c100000| Untracked 
| 450|0x000000009c200000, 0x000000009c200000, 0x000000009c300000|  0%| F|  |TAMS 0x000000009c200000| PB 0x000000009c200000| Untracked 
| 451|0x000000009c300000, 0x000000009c300000, 0x000000009c400000|  0%| F|  |TAMS 0x000000009c300000| PB 0x000000009c300000| Untracked 
| 452|0x000000009c400000, 0x000000009c400000, 0x000000009c500000|  0%| F|  |TAMS 0x000000009c400000| PB 0x000000009c400000| Untracked 
| 453|0x000000009c500000, 0x000000009c500000, 0x000000009c600000|  0%| F|  |TAMS 0x000000009c500000| PB 0x000000009c500000| Untracked 
| 454|0x000000009c600000, 0x000000009c600000, 0x000000009c700000|  0%| F|  |TAMS 0x000000009c600000| PB 0x000000009c600000| Untracked 
| 455|0x000000009c700000, 0x000000009c700000, 0x000000009c800000|  0%| F|  |TAMS 0x000000009c700000| PB 0x000000009c700000| Untracked 
| 456|0x000000009c800000, 0x000000009c800000, 0x000000009c900000|  0%| F|  |TAMS 0x000000009c800000| PB 0x000000009c800000| Untracked 
| 457|0x000000009c900000, 0x000000009c900000, 0x000000009ca00000|  0%| F|  |TAMS 0x000000009c900000| PB 0x000000009c900000| Untracked 
| 458|0x000000009ca00000, 0x000000009ca00000, 0x000000009cb00000|  0%| F|  |TAMS 0x000000009ca00000| PB 0x000000009ca00000| Untracked 
| 459|0x000000009cb00000, 0x000000009cb00000, 0x000000009cc00000|  0%| F|  |TAMS 0x000000009cb00000| PB 0x000000009cb00000| Untracked 
| 460|0x000000009cc00000, 0x000000009cc00000, 0x000000009cd00000|  0%| F|  |TAMS 0x000000009cc00000| PB 0x000000009cc00000| Untracked 
| 461|0x000000009cd00000, 0x000000009cd00000, 0x000000009ce00000|  0%| F|  |TAMS 0x000000009cd00000| PB 0x000000009cd00000| Untracked 
| 462|0x000000009ce00000, 0x000000009ce00000, 0x000000009cf00000|  0%| F|  |TAMS 0x000000009ce00000| PB 0x000000009ce00000| Untracked 
| 463|0x000000009cf00000, 0x000000009cf00000, 0x000000009d000000|  0%| F|  |TAMS 0x000000009cf00000| PB 0x000000009cf00000| Untracked 
| 464|0x000000009d000000, 0x000000009d000000, 0x000000009d100000|  0%| F|  |TAMS 0x000000009d000000| PB 0x000000009d000000| Untracked 
| 465|0x000000009d100000, 0x000000009d100000, 0x000000009d200000|  0%| F|  |TAMS 0x000000009d100000| PB 0x000000009d100000| Untracked 
| 466|0x000000009d200000, 0x000000009d200000, 0x000000009d300000|  0%| F|  |TAMS 0x000000009d200000| PB 0x000000009d200000| Untracked 
| 467|0x000000009d300000, 0x000000009d300000, 0x000000009d400000|  0%| F|  |TAMS 0x000000009d300000| PB 0x000000009d300000| Untracked 
| 468|0x000000009d400000, 0x000000009d400000, 0x000000009d500000|  0%| F|  |TAMS 0x000000009d400000| PB 0x000000009d400000| Untracked 
| 469|0x000000009d500000, 0x000000009d500000, 0x000000009d600000|  0%| F|  |TAMS 0x000000009d500000| PB 0x000000009d500000| Untracked 
| 470|0x000000009d600000, 0x000000009d600000, 0x000000009d700000|  0%| F|  |TAMS 0x000000009d600000| PB 0x000000009d600000| Untracked 
| 471|0x000000009d700000, 0x000000009d700000, 0x000000009d800000|  0%| F|  |TAMS 0x000000009d700000| PB 0x000000009d700000| Untracked 
| 472|0x000000009d800000, 0x000000009d800000, 0x000000009d900000|  0%| F|  |TAMS 0x000000009d800000| PB 0x000000009d800000| Untracked 
| 473|0x000000009d900000, 0x000000009d900000, 0x000000009da00000|  0%| F|  |TAMS 0x000000009d900000| PB 0x000000009d900000| Untracked 
| 474|0x000000009da00000, 0x000000009da00000, 0x000000009db00000|  0%| F|  |TAMS 0x000000009da00000| PB 0x000000009da00000| Untracked 
| 475|0x000000009db00000, 0x000000009db00000, 0x000000009dc00000|  0%| F|  |TAMS 0x000000009db00000| PB 0x000000009db00000| Untracked 
| 476|0x000000009dc00000, 0x000000009dc00000, 0x000000009dd00000|  0%| F|  |TAMS 0x000000009dc00000| PB 0x000000009dc00000| Untracked 
| 477|0x000000009dd00000, 0x000000009dd00000, 0x000000009de00000|  0%| F|  |TAMS 0x000000009dd00000| PB 0x000000009dd00000| Untracked 
| 478|0x000000009de00000, 0x000000009de00000, 0x000000009df00000|  0%| F|  |TAMS 0x000000009de00000| PB 0x000000009de00000| Untracked 
| 479|0x000000009df00000, 0x000000009df00000, 0x000000009e000000|  0%| F|  |TAMS 0x000000009df00000| PB 0x000000009df00000| Untracked 
| 480|0x000000009e000000, 0x000000009e000000, 0x000000009e100000|  0%| F|  |TAMS 0x000000009e000000| PB 0x000000009e000000| Untracked 
| 481|0x000000009e100000, 0x000000009e100000, 0x000000009e200000|  0%| F|  |TAMS 0x000000009e100000| PB 0x000000009e100000| Untracked 
| 482|0x000000009e200000, 0x000000009e200000, 0x000000009e300000|  0%| F|  |TAMS 0x000000009e200000| PB 0x000000009e200000| Untracked 
| 483|0x000000009e300000, 0x000000009e300000, 0x000000009e400000|  0%| F|  |TAMS 0x000000009e300000| PB 0x000000009e300000| Untracked 
| 484|0x000000009e400000, 0x000000009e400000, 0x000000009e500000|  0%| F|  |TAMS 0x000000009e400000| PB 0x000000009e400000| Untracked 
| 485|0x000000009e500000, 0x000000009e500000, 0x000000009e600000|  0%| F|  |TAMS 0x000000009e500000| PB 0x000000009e500000| Untracked 
| 486|0x000000009e600000, 0x000000009e600000, 0x000000009e700000|  0%| F|  |TAMS 0x000000009e600000| PB 0x000000009e600000| Untracked 
| 487|0x000000009e700000, 0x000000009e700000, 0x000000009e800000|  0%| F|  |TAMS 0x000000009e700000| PB 0x000000009e700000| Untracked 
| 488|0x000000009e800000, 0x000000009e800000, 0x000000009e900000|  0%| F|  |TAMS 0x000000009e800000| PB 0x000000009e800000| Untracked 
| 489|0x000000009e900000, 0x000000009e900000, 0x000000009ea00000|  0%| F|  |TAMS 0x000000009e900000| PB 0x000000009e900000| Untracked 
| 490|0x000000009ea00000, 0x000000009ea00000, 0x000000009eb00000|  0%| F|  |TAMS 0x000000009ea00000| PB 0x000000009ea00000| Untracked 
| 491|0x000000009eb00000, 0x000000009eb00000, 0x000000009ec00000|  0%| F|  |TAMS 0x000000009eb00000| PB 0x000000009eb00000| Untracked 
| 492|0x000000009ec00000, 0x000000009ec00000, 0x000000009ed00000|  0%| F|  |TAMS 0x000000009ec00000| PB 0x000000009ec00000| Untracked 
| 493|0x000000009ed00000, 0x000000009ed00000, 0x000000009ee00000|  0%| F|  |TAMS 0x000000009ed00000| PB 0x000000009ed00000| Untracked 
| 494|0x000000009ee00000, 0x000000009ee00000, 0x000000009ef00000|  0%| F|  |TAMS 0x000000009ee00000| PB 0x000000009ee00000| Untracked 
| 495|0x000000009ef00000, 0x000000009ef00000, 0x000000009f000000|  0%| F|  |TAMS 0x000000009ef00000| PB 0x000000009ef00000| Untracked 
| 496|0x000000009f000000, 0x000000009f000000, 0x000000009f100000|  0%| F|  |TAMS 0x000000009f000000| PB 0x000000009f000000| Untracked 
| 497|0x000000009f100000, 0x000000009f1aff00, 0x000000009f200000| 68%| E|  |TAMS 0x000000009f100000| PB 0x000000009f100000| Complete 
| 498|0x000000009f200000, 0x000000009f300000, 0x000000009f300000|100%| E|CS|TAMS 0x000000009f200000| PB 0x000000009f200000| Complete 
| 499|0x000000009f300000, 0x000000009f400000, 0x000000009f400000|100%| E|CS|TAMS 0x000000009f300000| PB 0x000000009f300000| Complete 
| 500|0x000000009f400000, 0x000000009f500000, 0x000000009f500000|100%| E|CS|TAMS 0x000000009f400000| PB 0x000000009f400000| Complete 
| 501|0x000000009f500000, 0x000000009f600000, 0x000000009f600000|100%| E|CS|TAMS 0x000000009f500000| PB 0x000000009f500000| Complete 
| 502|0x000000009f600000, 0x000000009f700000, 0x000000009f700000|100%| E|CS|TAMS 0x000000009f600000| PB 0x000000009f600000| Complete 
| 503|0x000000009f700000, 0x000000009f800000, 0x000000009f800000|100%| E|CS|TAMS 0x000000009f700000| PB 0x000000009f700000| Complete 
| 504|0x000000009f800000, 0x000000009f900000, 0x000000009f900000|100%| E|CS|TAMS 0x000000009f800000| PB 0x000000009f800000| Complete 
| 505|0x000000009f900000, 0x000000009fa00000, 0x000000009fa00000|100%| E|CS|TAMS 0x000000009f900000| PB 0x000000009f900000| Complete 
| 506|0x000000009fa00000, 0x000000009fb00000, 0x000000009fb00000|100%| E|CS|TAMS 0x000000009fa00000| PB 0x000000009fa00000| Complete 
| 507|0x000000009fb00000, 0x000000009fc00000, 0x000000009fc00000|100%| E|CS|TAMS 0x000000009fb00000| PB 0x000000009fb00000| Complete 
| 508|0x000000009fc00000, 0x000000009fd00000, 0x000000009fd00000|100%| E|CS|TAMS 0x000000009fc00000| PB 0x000000009fc00000| Complete 
| 509|0x000000009fd00000, 0x000000009fe00000, 0x000000009fe00000|100%| E|CS|TAMS 0x000000009fd00000| PB 0x000000009fd00000| Complete 
| 510|0x000000009fe00000, 0x000000009ff00000, 0x000000009ff00000|100%| E|CS|TAMS 0x000000009fe00000| PB 0x000000009fe00000| Complete 
| 511|0x000000009ff00000, 0x00000000a0000000, 0x00000000a0000000|100%| E|CS|TAMS 0x000000009ff00000| PB 0x000000009ff00000| Complete 
| 512|0x00000000a0000000, 0x00000000a0100000, 0x00000000a0100000|100%| E|CS|TAMS 0x00000000a0000000| PB 0x00000000a0000000| Complete 
| 513|0x00000000a0100000, 0x00000000a0200000, 0x00000000a0200000|100%| E|CS|TAMS 0x00000000a0100000| PB 0x00000000a0100000| Complete 
| 514|0x00000000a0200000, 0x00000000a0300000, 0x00000000a0300000|100%| E|CS|TAMS 0x00000000a0200000| PB 0x00000000a0200000| Complete 
| 515|0x00000000a0300000, 0x00000000a0400000, 0x00000000a0400000|100%| E|CS|TAMS 0x00000000a0300000| PB 0x00000000a0300000| Complete 
| 516|0x00000000a0400000, 0x00000000a0500000, 0x00000000a0500000|100%| E|CS|TAMS 0x00000000a0400000| PB 0x00000000a0400000| Complete 
| 517|0x00000000a0500000, 0x00000000a0600000, 0x00000000a0600000|100%| E|CS|TAMS 0x00000000a0500000| PB 0x00000000a0500000| Complete 
| 518|0x00000000a0600000, 0x00000000a0700000, 0x00000000a0700000|100%| E|CS|TAMS 0x00000000a0600000| PB 0x00000000a0600000| Complete 
| 519|0x00000000a0700000, 0x00000000a0800000, 0x00000000a0800000|100%| E|CS|TAMS 0x00000000a0700000| PB 0x00000000a0700000| Complete 
| 520|0x00000000a0800000, 0x00000000a0900000, 0x00000000a0900000|100%| E|CS|TAMS 0x00000000a0800000| PB 0x00000000a0800000| Complete 
| 521|0x00000000a0900000, 0x00000000a0a00000, 0x00000000a0a00000|100%| E|CS|TAMS 0x00000000a0900000| PB 0x00000000a0900000| Complete 
| 522|0x00000000a0a00000, 0x00000000a0b00000, 0x00000000a0b00000|100%| E|CS|TAMS 0x00000000a0a00000| PB 0x00000000a0a00000| Complete 
| 523|0x00000000a0b00000, 0x00000000a0c00000, 0x00000000a0c00000|100%| E|CS|TAMS 0x00000000a0b00000| PB 0x00000000a0b00000| Complete 
| 524|0x00000000a0c00000, 0x00000000a0d00000, 0x00000000a0d00000|100%| E|CS|TAMS 0x00000000a0c00000| PB 0x00000000a0c00000| Complete 
| 525|0x00000000a0d00000, 0x00000000a0e00000, 0x00000000a0e00000|100%| E|CS|TAMS 0x00000000a0d00000| PB 0x00000000a0d00000| Complete 
| 526|0x00000000a0e00000, 0x00000000a0f00000, 0x00000000a0f00000|100%| E|CS|TAMS 0x00000000a0e00000| PB 0x00000000a0e00000| Complete 
| 527|0x00000000a0f00000, 0x00000000a1000000, 0x00000000a1000000|100%| E|CS|TAMS 0x00000000a0f00000| PB 0x00000000a0f00000| Complete 
| 528|0x00000000a1000000, 0x00000000a1100000, 0x00000000a1100000|100%| E|CS|TAMS 0x00000000a1000000| PB 0x00000000a1000000| Complete 
| 529|0x00000000a1100000, 0x00000000a1200000, 0x00000000a1200000|100%| E|CS|TAMS 0x00000000a1100000| PB 0x00000000a1100000| Complete 
| 530|0x00000000a1200000, 0x00000000a1300000, 0x00000000a1300000|100%| E|CS|TAMS 0x00000000a1200000| PB 0x00000000a1200000| Complete 
| 531|0x00000000a1300000, 0x00000000a1400000, 0x00000000a1400000|100%| E|CS|TAMS 0x00000000a1300000| PB 0x00000000a1300000| Complete 
| 532|0x00000000a1400000, 0x00000000a1500000, 0x00000000a1500000|100%| E|CS|TAMS 0x00000000a1400000| PB 0x00000000a1400000| Complete 
| 533|0x00000000a1500000, 0x00000000a1600000, 0x00000000a1600000|100%| E|CS|TAMS 0x00000000a1500000| PB 0x00000000a1500000| Complete 
| 534|0x00000000a1600000, 0x00000000a1700000, 0x00000000a1700000|100%| E|CS|TAMS 0x00000000a1600000| PB 0x00000000a1600000| Complete 
|2020|0x00000000fe400000, 0x00000000fe500000, 0x00000000fe500000|100%| E|CS|TAMS 0x00000000fe400000| PB 0x00000000fe400000| Complete 
|2021|0x00000000fe500000, 0x00000000fe600000, 0x00000000fe600000|100%| E|CS|TAMS 0x00000000fe500000| PB 0x00000000fe500000| Complete 
|2022|0x00000000fe600000, 0x00000000fe700000, 0x00000000fe700000|100%| E|CS|TAMS 0x00000000fe600000| PB 0x00000000fe600000| Complete 
|2023|0x00000000fe700000, 0x00000000fe800000, 0x00000000fe800000|100%| E|CS|TAMS 0x00000000fe700000| PB 0x00000000fe700000| Complete 
|2024|0x00000000fe800000, 0x00000000fe900000, 0x00000000fe900000|100%| E|CS|TAMS 0x00000000fe800000| PB 0x00000000fe800000| Complete 
|2025|0x00000000fe900000, 0x00000000fea00000, 0x00000000fea00000|100%| E|CS|TAMS 0x00000000fe900000| PB 0x00000000fe900000| Complete 
|2026|0x00000000fea00000, 0x00000000feb00000, 0x00000000feb00000|100%| E|CS|TAMS 0x00000000fea00000| PB 0x00000000fea00000| Complete 
|2027|0x00000000feb00000, 0x00000000fec00000, 0x00000000fec00000|100%| E|CS|TAMS 0x00000000feb00000| PB 0x00000000feb00000| Complete 
|2028|0x00000000fec00000, 0x00000000fed00000, 0x00000000fed00000|100%| E|CS|TAMS 0x00000000fec00000| PB 0x00000000fec00000| Complete 
|2029|0x00000000fed00000, 0x00000000fee00000, 0x00000000fee00000|100%| E|CS|TAMS 0x00000000fed00000| PB 0x00000000fed00000| Complete 
|2030|0x00000000fee00000, 0x00000000fef00000, 0x00000000fef00000|100%| E|CS|TAMS 0x00000000fee00000| PB 0x00000000fee00000| Complete 
|2031|0x00000000fef00000, 0x00000000ff000000, 0x00000000ff000000|100%| E|CS|TAMS 0x00000000fef00000| PB 0x00000000fef00000| Complete 
|2032|0x00000000ff000000, 0x00000000ff100000, 0x00000000ff100000|100%| E|  |TAMS 0x00000000ff000000| PB 0x00000000ff000000| Complete 
|2033|0x00000000ff100000, 0x00000000ff200000, 0x00000000ff200000|100%| E|CS|TAMS 0x00000000ff100000| PB 0x00000000ff100000| Complete 
|2034|0x00000000ff200000, 0x00000000ff300000, 0x00000000ff300000|100%| O|  |TAMS 0x00000000ff200000| PB 0x00000000ff200000| Untracked 
|2035|0x00000000ff300000, 0x00000000ff400000, 0x00000000ff400000|100%| O|  |TAMS 0x00000000ff300000| PB 0x00000000ff300000| Untracked 
|2036|0x00000000ff400000, 0x00000000ff500000, 0x00000000ff500000|100%| O|  |TAMS 0x00000000ff400000| PB 0x00000000ff400000| Untracked 
|2037|0x00000000ff500000, 0x00000000ff600000, 0x00000000ff600000|100%| E|CS|TAMS 0x00000000ff500000| PB 0x00000000ff500000| Complete 
|2038|0x00000000ff600000, 0x00000000ff700000, 0x00000000ff700000|100%| E|CS|TAMS 0x00000000ff600000| PB 0x00000000ff600000| Complete 
|2039|0x00000000ff700000, 0x00000000ff800000, 0x00000000ff800000|100%| E|CS|TAMS 0x00000000ff700000| PB 0x00000000ff700000| Complete 
|2040|0x00000000ff800000, 0x00000000ff900000, 0x00000000ff900000|100%| O|  |TAMS 0x00000000ff800000| PB 0x00000000ff800000| Untracked 
|2041|0x00000000ff900000, 0x00000000ffa00000, 0x00000000ffa00000|100%| O|  |TAMS 0x00000000ff900000| PB 0x00000000ff900000| Untracked 
|2042|0x00000000ffa00000, 0x00000000ffb00000, 0x00000000ffb00000|100%| O|  |TAMS 0x00000000ffa00000| PB 0x00000000ffa00000| Untracked 
|2043|0x00000000ffb00000, 0x00000000ffc00000, 0x00000000ffc00000|100%| O|  |TAMS 0x00000000ffb00000| PB 0x00000000ffb00000| Untracked 
|2044|0x00000000ffc00000, 0x00000000ffd00000, 0x00000000ffd00000|100%| O|  |TAMS 0x00000000ffc00000| PB 0x00000000ffc00000| Untracked 
|2045|0x00000000ffd00000, 0x00000000ffe00000, 0x00000000ffe00000|100%| O|  |TAMS 0x00000000ffd00000| PB 0x00000000ffd00000| Untracked 
|2046|0x00000000ffe00000, 0x00000000fff00000, 0x00000000fff00000|100%| O|  |TAMS 0x00000000ffe00000| PB 0x00000000ffe00000| Untracked 
|2047|0x00000000fff00000, 0x0000000100000000, 0x0000000100000000|100%| O|  |TAMS 0x00000000fff00000| PB 0x00000000fff00000| Untracked 

Card table byte_map: [0x0000020415fa0000,0x00000204163a0000] _byte_map_base: 0x0000020415ba0000

Marking Bits: (CMBitMap*) 0x000002040123e630
 Bits: [0x00000204163a0000, 0x00000204183a0000)

Polling page: 0x0000020402ca0000

Metaspace:

Usage:
  Non-class:    146.42 MB used.
      Class:     21.68 MB used.
       Both:    168.10 MB used.

Virtual space:
  Non-class space:      192.00 MB reserved,     147.50 MB ( 77%) committed,  3 nodes.
      Class space:        1.00 GB reserved,      22.69 MB (  2%) committed,  1 nodes.
             Both:        1.19 GB reserved,     170.19 MB ( 14%) committed. 

Chunk freelists:
   Non-Class:  11.89 MB
       Class:  9.34 MB
        Both:  21.23 MB

MaxMetaspaceSize: unlimited
CompressedClassSpaceSize: 1.00 GB
Initial GC threshold: 21.00 MB
Current GC threshold: 283.56 MB
CDS: off
 - commit_granule_bytes: 65536.
 - commit_granule_words: 8192.
 - virtual_space_node_default_size: 8388608.
 - enlarge_chunks_in_place: 1.
 - use_allocation_guard: 0.


Internal statistics:

num_allocs_failed_limit: 15.
num_arena_births: 3996.
num_arena_deaths: 10.
num_vsnodes_births: 4.
num_vsnodes_deaths: 0.
num_space_committed: 2722.
num_space_uncommitted: 0.
num_chunks_returned_to_freelist: 29.
num_chunks_taken_from_freelist: 10429.
num_chunk_merges: 12.
num_chunk_splits: 7412.
num_chunks_enlarged: 5384.
num_inconsistent_stats: 0.

CodeHeap 'non-profiled nmethods': size=120000Kb used=14448Kb max_used=14839Kb free=105551Kb
 bounds [0x000002040e110000, 0x000002040ef90000, 0x0000020415640000]
CodeHeap 'profiled nmethods': size=120000Kb used=34386Kb max_used=37410Kb free=85613Kb
 bounds [0x0000020406640000, 0x0000020408b20000, 0x000002040db70000]
CodeHeap 'non-nmethods': size=5760Kb used=2298Kb max_used=2362Kb free=3461Kb
 bounds [0x000002040db70000, 0x000002040dde0000, 0x000002040e110000]
CodeCache: size=245760Kb, used=51132Kb, max_used=54611Kb, free=194625Kb
 total_blobs=18346, nmethods=17206, adapters=1042, full_count=0
Compilation: enabled, stopped_count=0, restarted_count=0

Compilation events (20 events):
Event: 92.329 Thread 0x000002041b223080 nmethod 24756 0x0000020406e34c90 code [0x0000020406e34e80, 0x0000020406e354d8]
Event: 92.332 Thread 0x0000020427c5e190 24757       4       org.gradle.api.internal.artifacts.transform.TransformStepSubject$Transformed::getInitialComponentIdentifier (8 bytes)
Event: 92.333 Thread 0x0000020427c5e190 nmethod 24757 0x000002040e423e90 code [0x000002040e424020, 0x000002040e4240d0]
Event: 92.336 Thread 0x0000020427c5e190 24758       4       org.slf4j.helpers.NOPLogger::warn (1 bytes)
Event: 92.336 Thread 0x0000020427c5e190 nmethod 24758 0x000002040e42fa10 code [0x000002040e42fba0, 0x000002040e42fc28]
Event: 92.347 Thread 0x0000020427c5e190 24759       4       org.gradle.internal.snapshot.SnapshotHierarchy::findSnapshot (38 bytes)
Event: 92.361 Thread 0x0000020427c5e190 nmethod 24759 0x000002040e51dc90 code [0x000002040e51dee0, 0x000002040e51e838]
Event: 92.361 Thread 0x0000020427c5e190 24760       4       org.gradle.internal.vfs.impl.DefaultSnapshotHierarchy::findMetadata (37 bytes)
Event: 92.370 Thread 0x0000020427c5e190 nmethod 24760 0x000002040eddfa90 code [0x000002040eddfca0, 0x000002040ede0328]
Event: 92.370 Thread 0x0000020427c5e190 24763       4       java.math.BigInteger::firstNonzeroIntNum (57 bytes)
Event: 92.371 Thread 0x0000020427c5e190 nmethod 24763 0x000002040e54c610 code [0x000002040e54c7a0, 0x000002040e54c8d0]
Event: 92.371 Thread 0x0000020427c5e190 24761       4       org.slf4j.helpers.NOPLogger::warn (1 bytes)
Event: 92.372 Thread 0x0000020427c5e190 nmethod 24761 0x000002040e431190 code [0x000002040e431320, 0x000002040e4313a8]
Event: 92.372 Thread 0x0000020427c5e190 24762       4       com.google.common.cache.LocalCache$1::notifyNewValue (1 bytes)
Event: 92.372 Thread 0x0000020427c5e190 nmethod 24762 0x000002040e433c10 code [0x000002040e433da0, 0x000002040e433e28]
Event: 92.405 Thread 0x0000020427c5e190 24764       4       org.objectweb.asm.tree.MethodNode::visitFrame (47 bytes)
Event: 92.442 Thread 0x000002041b223080 24766   !   3       org.gradle.internal.execution.impl.DefaultInputFingerprinter$InputCollectingVisitor::visitInputProperty (115 bytes)
Event: 92.445 Thread 0x000002041b223080 nmethod 24766 0x000002040690d890 code [0x000002040690dc40, 0x000002040690f508]
Event: 92.445 Thread 0x000002041b223080 24767       3       org.gradle.cache.internal.DefaultCrossBuildInMemoryCacheFactory$AbstractCrossBuildInMemoryCache::get (24 bytes)
Event: 92.446 Thread 0x000002041b223080 nmethod 24767 0x00000204075a7a90 code [0x00000204075a7cc0, 0x00000204075a8560]

GC Heap History (20 events):
Event: 88.016 GC heap before
{Heap before GC invocations=119 (full 0):
 garbage-first heap   total 494592K, used 465115K [0x0000000080000000, 0x0000000100000000)
  region size 1024K, 289 young (295936K), 23 survivors (23552K)
 Metaspace       used 172047K, committed 174208K, reserved 1245184K
  class space    used 22198K, committed 23232K, reserved 1048576K
}
Event: 88.029 GC heap after
{Heap after GC invocations=120 (full 0):
 garbage-first heap   total 494592K, used 187276K [0x0000000080000000, 0x0000000100000000)
  region size 1024K, 12 young (12288K), 12 survivors (12288K)
 Metaspace       used 172047K, committed 174208K, reserved 1245184K
  class space    used 22198K, committed 23232K, reserved 1048576K
}
Event: 88.326 GC heap before
{Heap before GC invocations=120 (full 0):
 garbage-first heap   total 494592K, used 466828K [0x0000000080000000, 0x0000000100000000)
  region size 1024K, 286 young (292864K), 12 survivors (12288K)
 Metaspace       used 172049K, committed 174208K, reserved 1245184K
  class space    used 22198K, committed 23232K, reserved 1048576K
}
Event: 88.334 GC heap after
{Heap after GC invocations=121 (full 0):
 garbage-first heap   total 494592K, used 188585K [0x0000000080000000, 0x0000000100000000)
  region size 1024K, 13 young (13312K), 13 survivors (13312K)
 Metaspace       used 172049K, committed 174208K, reserved 1245184K
  class space    used 22198K, committed 23232K, reserved 1048576K
}
Event: 88.668 GC heap before
{Heap before GC invocations=122 (full 0):
 garbage-first heap   total 494592K, used 468137K [0x0000000080000000, 0x0000000100000000)
  region size 1024K, 286 young (292864K), 13 survivors (13312K)
 Metaspace       used 172059K, committed 174208K, reserved 1245184K
  class space    used 22199K, committed 23232K, reserved 1048576K
}
Event: 88.677 GC heap after
{Heap after GC invocations=123 (full 0):
 garbage-first heap   total 494592K, used 192570K [0x0000000080000000, 0x0000000100000000)
  region size 1024K, 16 young (16384K), 16 survivors (16384K)
 Metaspace       used 172059K, committed 174208K, reserved 1245184K
  class space    used 22199K, committed 23232K, reserved 1048576K
}
Event: 88.866 GC heap before
{Heap before GC invocations=123 (full 0):
 garbage-first heap   total 494592K, used 473146K [0x0000000080000000, 0x0000000100000000)
  region size 1024K, 286 young (292864K), 16 survivors (16384K)
 Metaspace       used 172060K, committed 174208K, reserved 1245184K
  class space    used 22199K, committed 23232K, reserved 1048576K
}
Event: 88.879 GC heap after
{Heap after GC invocations=124 (full 0):
 garbage-first heap   total 576512K, used 189723K [0x0000000080000000, 0x0000000100000000)
  region size 1024K, 18 young (18432K), 18 survivors (18432K)
 Metaspace       used 172060K, committed 174208K, reserved 1245184K
  class space    used 22199K, committed 23232K, reserved 1048576K
}
Event: 89.366 GC heap before
{Heap before GC invocations=124 (full 0):
 garbage-first heap   total 576512K, used 515355K [0x0000000080000000, 0x0000000100000000)
  region size 1024K, 337 young (345088K), 18 survivors (18432K)
 Metaspace       used 172060K, committed 174208K, reserved 1245184K
  class space    used 22199K, committed 23232K, reserved 1048576K
}
Event: 89.376 GC heap after
{Heap after GC invocations=125 (full 0):
 garbage-first heap   total 576512K, used 190072K [0x0000000080000000, 0x0000000100000000)
  region size 1024K, 18 young (18432K), 18 survivors (18432K)
 Metaspace       used 172060K, committed 174208K, reserved 1245184K
  class space    used 22199K, committed 23232K, reserved 1048576K
}
Event: 90.032 GC heap before
{Heap before GC invocations=126 (full 0):
 garbage-first heap   total 576512K, used 515704K [0x0000000080000000, 0x0000000100000000)
  region size 1024K, 337 young (345088K), 18 survivors (18432K)
 Metaspace       used 172114K, committed 174272K, reserved 1245184K
  class space    used 22199K, committed 23232K, reserved 1048576K
}
Event: 90.043 GC heap after
{Heap after GC invocations=127 (full 0):
 garbage-first heap   total 576512K, used 193798K [0x0000000080000000, 0x0000000100000000)
  region size 1024K, 22 young (22528K), 22 survivors (22528K)
 Metaspace       used 172114K, committed 174272K, reserved 1245184K
  class space    used 22199K, committed 23232K, reserved 1048576K
}
Event: 90.570 GC heap before
{Heap before GC invocations=127 (full 0):
 garbage-first heap   total 576512K, used 515334K [0x0000000080000000, 0x0000000100000000)
  region size 1024K, 338 young (346112K), 22 survivors (22528K)
 Metaspace       used 172115K, committed 174272K, reserved 1245184K
  class space    used 22199K, committed 23232K, reserved 1048576K
}
Event: 90.583 GC heap after
{Heap after GC invocations=128 (full 0):
 garbage-first heap   total 576512K, used 188111K [0x0000000080000000, 0x0000000100000000)
  region size 1024K, 20 young (20480K), 20 survivors (20480K)
 Metaspace       used 172115K, committed 174272K, reserved 1245184K
  class space    used 22199K, committed 23232K, reserved 1048576K
}
Event: 91.128 GC heap before
{Heap before GC invocations=128 (full 0):
 garbage-first heap   total 576512K, used 395983K [0x0000000080000000, 0x0000000100000000)
  region size 1024K, 225 young (230400K), 20 survivors (20480K)
 Metaspace       used 172128K, committed 174272K, reserved 1245184K
  class space    used 22199K, committed 23232K, reserved 1048576K
}
Event: 91.137 GC heap after
{Heap after GC invocations=129 (full 0):
 garbage-first heap   total 576512K, used 184376K [0x0000000080000000, 0x0000000100000000)
  region size 1024K, 18 young (18432K), 18 survivors (18432K)
 Metaspace       used 172128K, committed 174272K, reserved 1245184K
  class space    used 22199K, committed 23232K, reserved 1048576K
}
Event: 91.800 GC heap before
{Heap before GC invocations=130 (full 0):
 garbage-first heap   total 576512K, used 512056K [0x0000000080000000, 0x0000000100000000)
  region size 1024K, 337 young (345088K), 18 survivors (18432K)
 Metaspace       used 172137K, committed 174272K, reserved 1245184K
  class space    used 22200K, committed 23232K, reserved 1048576K
}
Event: 91.811 GC heap after
{Heap after GC invocations=131 (full 0):
 garbage-first heap   total 576512K, used 187411K [0x0000000080000000, 0x0000000100000000)
  region size 1024K, 20 young (20480K), 20 survivors (20480K)
 Metaspace       used 172137K, committed 174272K, reserved 1245184K
  class space    used 22200K, committed 23232K, reserved 1048576K
}
Event: 92.500 GC heap before
{Heap before GC invocations=131 (full 0):
 garbage-first heap   total 576512K, used 510995K [0x0000000080000000, 0x0000000100000000)
  region size 1024K, 337 young (345088K), 20 survivors (20480K)
 Metaspace       used 172138K, committed 174272K, reserved 1245184K
  class space    used 22200K, committed 23232K, reserved 1048576K
}
Event: 92.511 GC heap after
{Heap after GC invocations=132 (full 0):
 garbage-first heap   total 576512K, used 180083K [0x0000000080000000, 0x0000000100000000)
  region size 1024K, 16 young (16384K), 16 survivors (16384K)
 Metaspace       used 172138K, committed 174272K, reserved 1245184K
  class space    used 22200K, committed 23232K, reserved 1048576K
}

Dll operation events (3 events):
Event: 0.014 Loaded shared library C:\Program Files\Android\Android Studio1\jbr\bin\java.dll
Event: 0.020 Loaded shared library C:\Program Files\Android\Android Studio1\jbr\bin\zip.dll
Event: 0.510 Loaded shared library C:\Program Files\Android\Android Studio1\jbr\bin\verify.dll

Deoptimization events (20 events):
Event: 90.220 Thread 0x0000020423ab52e0 DEOPT PACKING pc=0x000002040e1666b8 sp=0x00000042a5afa6b0
Event: 90.220 Thread 0x0000020423ab52e0 DEOPT UNPACKING pc=0x000002040dbc43a2 sp=0x00000042a5afa640 mode 2
Event: 90.223 Thread 0x0000020423ab52e0 DEOPT PACKING pc=0x0000020406ba985d sp=0x00000042a5afa730
Event: 90.223 Thread 0x0000020423ab52e0 DEOPT UNPACKING pc=0x000002040dbc4b42 sp=0x00000042a5af9cf0 mode 0
Event: 90.446 Thread 0x0000020423ab1140 DEOPT PACKING pc=0x0000020406c7e5bf sp=0x00000042a56faef0
Event: 90.446 Thread 0x0000020423ab1140 DEOPT UNPACKING pc=0x000002040dbc4b42 sp=0x00000042a56fa388 mode 0
Event: 90.797 Thread 0x0000020423ab52e0 Uncommon trap: trap_request=0xfffffff4 fr.pc=0x000002040e1fb108 relative=0x00000000000003e8
Event: 90.797 Thread 0x0000020423ab52e0 Uncommon trap: reason=null_check action=make_not_entrant pc=0x000002040e1fb108 method=org.gradle.tooling.internal.provider.runner.ClientBuildEventGenerator$Enabled.accept(Lorg/gradle/internal/operations/BuildOperationDescriptor;)Lorg/gradle/tooling/intern
Event: 90.797 Thread 0x0000020423ab52e0 DEOPT PACKING pc=0x000002040e1fb108 sp=0x00000042a5afe580
Event: 90.797 Thread 0x0000020423ab52e0 DEOPT UNPACKING pc=0x000002040dbc43a2 sp=0x00000042a5afe508 mode 2
Event: 91.926 Thread 0x00000204227eeba0 Uncommon trap: trap_request=0xffffffe4 fr.pc=0x000002040e5a311c relative=0x0000000000000c1c
Event: 91.926 Thread 0x00000204227eeba0 Uncommon trap: reason=range_check action=make_not_entrant pc=0x000002040e5a311c method=org.objectweb.asm.ClassReader.readUnsignedShort(I)I @ 7 c2
Event: 91.926 Thread 0x00000204227eeba0 DEOPT PACKING pc=0x000002040e5a311c sp=0x00000042a34f1f40
Event: 91.939 Thread 0x00000204227eeba0 DEOPT UNPACKING pc=0x000002040dbc43a2 sp=0x00000042a34f1e28 mode 2
Event: 92.069 Thread 0x00000204258c90f0 DEOPT PACKING pc=0x000002040727e260 sp=0x00000042a50fac80
Event: 92.069 Thread 0x00000204258c90f0 DEOPT UNPACKING pc=0x000002040dbc4b42 sp=0x00000042a50fa170 mode 0
Event: 92.092 Thread 0x0000020423ab6000 Uncommon trap: trap_request=0xffffff45 fr.pc=0x000002040e4a3120 relative=0x00000000000067a0
Event: 92.092 Thread 0x0000020423ab6000 Uncommon trap: reason=unstable_if action=reinterpret pc=0x000002040e4a3120 method=org.objectweb.asm.ClassReader.accept(Lorg/objectweb/asm/ClassVisitor;[Lorg/objectweb/asm/Attribute;I)V @ 604 c2
Event: 92.092 Thread 0x0000020423ab6000 DEOPT PACKING pc=0x000002040e4a3120 sp=0x00000042a59fa8d0
Event: 92.092 Thread 0x0000020423ab6000 DEOPT UNPACKING pc=0x000002040dbc43a2 sp=0x00000042a59fa8b8 mode 2

Classes loaded (20 events):
Event: 43.995 Loading class java/util/IdentityHashMap$EntrySet
Event: 43.996 Loading class java/util/IdentityHashMap$EntrySet done
Event: 43.996 Loading class java/util/IdentityHashMap$EntryIterator
Event: 43.996 Loading class java/util/IdentityHashMap$IdentityHashMapIterator
Event: 43.997 Loading class java/util/IdentityHashMap$IdentityHashMapIterator done
Event: 43.997 Loading class java/util/IdentityHashMap$EntryIterator done
Event: 43.997 Loading class java/util/IdentityHashMap$EntryIterator$Entry
Event: 43.997 Loading class java/util/IdentityHashMap$EntryIterator$Entry done
Event: 44.042 Loading class java/lang/invoke/SerializedLambda$1
Event: 44.042 Loading class java/lang/invoke/SerializedLambda$1 done
Event: 44.062 Loading class org/xml/sax/Locator
Event: 44.062 Loading class org/xml/sax/Locator done
Event: 44.063 Loading class org/xml/sax/Attributes
Event: 44.063 Loading class org/xml/sax/Attributes done
Event: 44.151 Loading class java/util/function/LongUnaryOperator
Event: 44.152 Loading class java/util/function/LongUnaryOperator done
Event: 44.165 Loading class java/util/TreeMap$KeySpliterator
Event: 44.165 Loading class java/util/TreeMap$KeySpliterator done
Event: 47.181 Loading class java/util/concurrent/locks/ReentrantReadWriteLock$Sync$HoldCounter
Event: 47.181 Loading class java/util/concurrent/locks/ReentrantReadWriteLock$Sync$HoldCounter done

Classes unloaded (20 events):
Event: 8.213 Thread 0x000002041b191860 Unloading class 0x00000001008d1948 '_BuildScript_$_run_closure1$_closure2'
Event: 8.213 Thread 0x000002041b191860 Unloading class 0x00000001008d1528 '_BuildScript_$_run_closure1'
Event: 8.213 Thread 0x000002041b191860 Unloading class 0x00000001008d1000 '_BuildScript_'
Event: 8.213 Thread 0x000002041b191860 Unloading class 0x0000000100840528 '_BuildScript_$_run_closure1'
Event: 8.213 Thread 0x000002041b191860 Unloading class 0x0000000100840000 '_BuildScript_'
Event: 13.452 Thread 0x000002041b191860 Unloading class 0x00000001009e4948 '_BuildScript_$_run_closure2'
Event: 13.452 Thread 0x000002041b191860 Unloading class 0x00000001009e4528 '_BuildScript_$_run_closure1'
Event: 13.452 Thread 0x000002041b191860 Unloading class 0x00000001009e4000 '_BuildScript_'
Event: 14.354 Thread 0x000002041b191860 Unloading class 0x00000001009ec948 '_BuildScript_$_run_closure1$_closure2'
Event: 14.354 Thread 0x000002041b191860 Unloading class 0x00000001009ec528 '_BuildScript_$_run_closure1'
Event: 14.354 Thread 0x000002041b191860 Unloading class 0x00000001009ec000 '_BuildScript_'
Event: 18.501 Thread 0x000002041b191860 Unloading class 0x00000001009f15a8 '_BuildScript_$_run_closure1$_closure3'
Event: 18.501 Thread 0x000002041b191860 Unloading class 0x00000001009f1188 '_BuildScript_$_run_closure1$_closure2'
Event: 18.501 Thread 0x000002041b191860 Unloading class 0x00000001009f0d68 '_BuildScript_$_run_closure1'
Event: 18.501 Thread 0x000002041b191860 Unloading class 0x00000001009f0840 '_BuildScript_'
Event: 18.501 Thread 0x000002041b191860 Unloading class 0x00000001009f0420 'JetGradlePlugin$_apply_closure1$_closure2$_closure3'
Event: 18.501 Thread 0x000002041b191860 Unloading class 0x00000001009f0000 'JetGradlePlugin$_apply_closure1$_closure2'
Event: 18.501 Thread 0x000002041b191860 Unloading class 0x00000001009ee800 'JetGradlePlugin$_apply_closure1'
Event: 18.501 Thread 0x000002041b191860 Unloading class 0x00000001009e4300 'JetGradlePlugin'
Event: 18.501 Thread 0x000002041b191860 Unloading class 0x00000001009e4000 'RegistryProcessor'

Classes redefined (0 events):
No events

Internal exceptions (20 events):
Event: 92.522 Thread 0x0000020423ab45c0 Exception <a 'sun/nio/fs/WindowsException'{0x00000000ff624d98}> (0x00000000ff624d98) 
thrown [s\src\hotspot\share\prims\jni.cpp, line 537]
Event: 92.522 Thread 0x0000020423ab5970 Exception <a 'sun/nio/fs/WindowsException'{0x00000000ff59e918}> (0x00000000ff59e918) 
thrown [s\src\hotspot\share\prims\jni.cpp, line 537]
Event: 92.524 Thread 0x0000020423ab1140 Exception <a 'sun/nio/fs/WindowsException'{0x00000000ff193fe8}> (0x00000000ff193fe8) 
thrown [s\src\hotspot\share\prims\jni.cpp, line 537]
Event: 92.524 Thread 0x0000020423ab45c0 Exception <a 'sun/nio/fs/WindowsException'{0x00000000ff62d5d8}> (0x00000000ff62d5d8) 
thrown [s\src\hotspot\share\prims\jni.cpp, line 537]
Event: 92.525 Thread 0x0000020423ab5970 Exception <a 'sun/nio/fs/WindowsException'{0x00000000ff5a3578}> (0x00000000ff5a3578) 
thrown [s\src\hotspot\share\prims\jni.cpp, line 537]
Event: 92.525 Thread 0x0000020423ab1140 Exception <a 'sun/nio/fs/WindowsException'{0x00000000ff198c50}> (0x00000000ff198c50) 
thrown [s\src\hotspot\share\prims\jni.cpp, line 537]
Event: 92.526 Thread 0x0000020423ab5970 Exception <a 'sun/nio/fs/WindowsException'{0x00000000ff5ac1d0}> (0x00000000ff5ac1d0) 
thrown [s\src\hotspot\share\prims\jni.cpp, line 537]
Event: 92.526 Thread 0x0000020423ab1140 Exception <a 'sun/nio/fs/WindowsException'{0x00000000ff1a1e28}> (0x00000000ff1a1e28) 
thrown [s\src\hotspot\share\prims\jni.cpp, line 537]
Event: 92.527 Thread 0x0000020423ab5970 Exception <a 'sun/nio/fs/WindowsException'{0x00000000ff5b4a10}> (0x00000000ff5b4a10) 
thrown [s\src\hotspot\share\prims\jni.cpp, line 537]
Event: 92.528 Thread 0x0000020423ab5970 Exception <a 'sun/nio/fs/WindowsException'{0x00000000ff5b5370}> (0x00000000ff5b5370) 
thrown [s\src\hotspot\share\prims\jni.cpp, line 537]
Event: 92.528 Thread 0x0000020423ab5970 Exception <a 'sun/nio/fs/WindowsException'{0x00000000ff5b6a88}> (0x00000000ff5b6a88) 
thrown [s\src\hotspot\share\prims\jni.cpp, line 537]
Event: 92.528 Thread 0x0000020423ab5970 Exception <a 'sun/nio/fs/WindowsException'{0x00000000ff5b7590}> (0x00000000ff5b7590) 
thrown [s\src\hotspot\share\prims\jni.cpp, line 537]
Event: 92.529 Thread 0x0000020423ab1140 Exception <a 'sun/nio/fs/WindowsException'{0x00000000ff1aa668}> (0x00000000ff1aa668) 
thrown [s\src\hotspot\share\prims\jni.cpp, line 537]
Event: 92.529 Thread 0x0000020423ab1140 Exception <a 'sun/nio/fs/WindowsException'{0x00000000ff1aafc8}> (0x00000000ff1aafc8) 
thrown [s\src\hotspot\share\prims\jni.cpp, line 537]
Event: 92.529 Thread 0x0000020423ab1140 Exception <a 'sun/nio/fs/WindowsException'{0x00000000ff1ac6e0}> (0x00000000ff1ac6e0) 
thrown [s\src\hotspot\share\prims\jni.cpp, line 537]
Event: 92.529 Thread 0x0000020423ab1140 Exception <a 'sun/nio/fs/WindowsException'{0x00000000ff1ad1e8}> (0x00000000ff1ad1e8) 
thrown [s\src\hotspot\share\prims\jni.cpp, line 537]
Event: 92.529 Thread 0x0000020423ab5970 Exception <a 'sun/nio/fs/WindowsException'{0x00000000ff5bce18}> (0x00000000ff5bce18) 
thrown [s\src\hotspot\share\prims\jni.cpp, line 537]
Event: 92.530 Thread 0x0000020423ab5970 Exception <a 'sun/nio/fs/WindowsException'{0x00000000ff5bdc08}> (0x00000000ff5bdc08) 
thrown [s\src\hotspot\share\prims\jni.cpp, line 537]
Event: 92.531 Thread 0x0000020423ab1140 Exception <a 'sun/nio/fs/WindowsException'{0x00000000ff1b2a68}> (0x00000000ff1b2a68) 
thrown [s\src\hotspot\share\prims\jni.cpp, line 537]
Event: 92.532 Thread 0x0000020423ab1140 Exception <a 'sun/nio/fs/WindowsException'{0x00000000ff1b3858}> (0x00000000ff1b3858) 
thrown [s\src\hotspot\share\prims\jni.cpp, line 537]

ZGC Phase Switch (0 events):
No events

VM Operations (20 events):
Event: 89.519 Executing safepoint VM operation: G1PauseCleanup
Event: 89.520 Executing safepoint VM operation: G1PauseCleanup done
Event: 90.032 Executing safepoint VM operation: G1CollectForAllocation (G1 Evacuation Pause)
Event: 90.043 Executing safepoint VM operation: G1CollectForAllocation (G1 Evacuation Pause) done
Event: 90.569 Executing safepoint VM operation: G1CollectForAllocation (G1 Evacuation Pause)
Event: 90.569 Executing safepoint VM operation: G1CollectForAllocation (G1 Evacuation Pause) done
Event: 90.569 Executing safepoint VM operation: G1CollectForAllocation (GCLocker Initiated GC)
Event: 90.583 Executing safepoint VM operation: G1CollectForAllocation (GCLocker Initiated GC) done
Event: 91.128 Executing safepoint VM operation: G1TryInitiateConcMark (G1 Humongous Allocation)
Event: 91.128 Executing safepoint VM operation: G1TryInitiateConcMark (G1 Humongous Allocation) done
Event: 91.128 Executing safepoint VM operation: G1TryInitiateConcMark (G1 Humongous Allocation)
Event: 91.138 Executing safepoint VM operation: G1TryInitiateConcMark (G1 Humongous Allocation) done
Event: 91.262 Executing safepoint VM operation: G1PauseRemark
Event: 91.272 Executing safepoint VM operation: G1PauseRemark done
Event: 91.323 Executing safepoint VM operation: G1PauseCleanup
Event: 91.325 Executing safepoint VM operation: G1PauseCleanup done
Event: 91.799 Executing safepoint VM operation: G1CollectForAllocation (G1 Evacuation Pause)
Event: 91.811 Executing safepoint VM operation: G1CollectForAllocation (G1 Evacuation Pause) done
Event: 92.489 Executing safepoint VM operation: G1CollectForAllocation (G1 Evacuation Pause)
Event: 92.511 Executing safepoint VM operation: G1CollectForAllocation (G1 Evacuation Pause) done

Memory protections (0 events):
No events

Nmethod flushes (20 events):
Event: 91.270 Thread 0x000002041b191860 flushing  nmethod 0x000002040739ea10
Event: 91.270 Thread 0x000002041b191860 flushing  nmethod 0x000002040739f490
Event: 91.270 Thread 0x000002041b191860 flushing  nmethod 0x00000204073a0a90
Event: 91.270 Thread 0x000002041b191860 flushing  nmethod 0x00000204073a1790
Event: 91.270 Thread 0x000002041b191860 flushing  nmethod 0x00000204073af810
Event: 91.270 Thread 0x000002041b191860 flushing  nmethod 0x00000204073b1410
Event: 91.270 Thread 0x000002041b191860 flushing  nmethod 0x00000204073b1a10
Event: 91.270 Thread 0x000002041b191860 flushing  nmethod 0x00000204073b1f90
Event: 91.270 Thread 0x000002041b191860 flushing  nmethod 0x00000204073b2390
Event: 91.270 Thread 0x000002041b191860 flushing  nmethod 0x00000204073b2c90
Event: 91.270 Thread 0x000002041b191860 flushing  nmethod 0x000002040695e110
Event: 91.270 Thread 0x000002041b191860 flushing  nmethod 0x0000020406aa6290
Event: 91.270 Thread 0x000002041b191860 flushing  nmethod 0x0000020406ab3210
Event: 91.270 Thread 0x000002041b191860 flushing osr nmethod 0x0000020406b09c10
Event: 91.270 Thread 0x000002041b191860 flushing  nmethod 0x0000020406cbbc90
Event: 91.270 Thread 0x000002041b191860 flushing  nmethod 0x0000020406cbdf90
Event: 91.270 Thread 0x000002041b191860 flushing  nmethod 0x0000020406d17810
Event: 91.270 Thread 0x000002041b191860 flushing  nmethod 0x0000020406fe4d90
Event: 91.270 Thread 0x000002041b191860 flushing  nmethod 0x0000020407389c90
Event: 91.270 Thread 0x000002041b191860 flushing  nmethod 0x000002040879d310

Events (20 events):
Event: 50.250 Thread 0x00000204227eeba0 Thread added: 0x00000204241edfe0
Event: 50.250 Thread 0x00000204227eeba0 Thread added: 0x00000204241ef390
Event: 50.678 Thread 0x00000204227eeba0 Thread added: 0x000002042783fe60
Event: 50.678 Thread 0x00000204227eeba0 Thread added: 0x000002042783f7d0
Event: 50.962 Thread 0x00000204227eeba0 Thread added: 0x000002042783c9e0
Event: 50.962 Thread 0x00000204227eeba0 Thread added: 0x000002042783d070
Event: 51.127 Thread 0x00000204227eeba0 Thread added: 0x000002042783e420
Event: 51.127 Thread 0x00000204227eeba0 Thread added: 0x000002042783d700
Event: 51.339 Thread 0x0000020425f77830 Thread exited: 0x0000020425f77830
Event: 51.404 Thread 0x000002041b223080 Thread added: 0x0000020425f77830
Event: 53.157 Thread 0x0000020425f77830 Thread exited: 0x0000020425f77830
Event: 83.398 Thread 0x000002041b223080 Thread added: 0x0000020425f77830
Event: 83.505 Thread 0x000002041b223080 Thread added: 0x0000020423937fa0
Event: 83.741 Thread 0x0000020423937fa0 Thread exited: 0x0000020423937fa0
Event: 83.741 Thread 0x0000020425f77830 Thread exited: 0x0000020425f77830
Event: 85.812 Thread 0x000002041b223080 Thread added: 0x0000020423937fa0
Event: 89.045 Thread 0x0000020423937fa0 Thread exited: 0x0000020423937fa0
Event: 89.708 Thread 0x000002041b223080 Thread added: 0x0000020427c5e190
Event: 90.595 Thread 0x0000020427c5e190 Thread exited: 0x0000020427c5e190
Event: 90.864 Thread 0x000002041b223080 Thread added: 0x0000020427c5e190


Dynamic libraries:
0x00007ff681c00000 - 0x00007ff681c0a000 	C:\Program Files\Android\Android Studio1\jbr\bin\java.exe
0x00007ffe78bc0000 - 0x00007ffe78e27000 	C:\WINDOWS\SYSTEM32\ntdll.dll
0x00007ffe78940000 - 0x00007ffe78a09000 	C:\WINDOWS\System32\KERNEL32.DLL
0x00007ffe755f0000 - 0x00007ffe759e7000 	C:\WINDOWS\System32\KERNELBASE.dll
0x00007ffe767f0000 - 0x00007ffe7693b000 	C:\WINDOWS\System32\ucrtbase.dll
0x00007ffe69fd0000 - 0x00007ffe69feb000 	C:\Program Files\Android\Android Studio1\jbr\bin\VCRUNTIME140.dll
0x00007ffe0e3f0000 - 0x00007ffe0e408000 	C:\Program Files\Android\Android Studio1\jbr\bin\jli.dll
0x00007ffe77060000 - 0x00007ffe77226000 	C:\WINDOWS\System32\USER32.dll
0x00007ffe61570000 - 0x00007ffe61802000 	C:\WINDOWS\WinSxS\amd64_microsoft.windows.common-controls_6595b64144ccf1df_6.0.26100.8457_none_3e0b2faee331e92d\COMCTL32.dll
0x00007ffe76590000 - 0x00007ffe765b7000 	C:\WINDOWS\System32\win32u.dll
0x00007ffe76e60000 - 0x00007ffe76f09000 	C:\WINDOWS\System32\msvcrt.dll
0x00007ffe76f80000 - 0x00007ffe76fab000 	C:\WINDOWS\System32\GDI32.dll
0x00007ffe76460000 - 0x00007ffe7658c000 	C:\WINDOWS\System32\gdi32full.dll
0x00007ffe76740000 - 0x00007ffe767e3000 	C:\WINDOWS\System32\msvcp_win.dll
0x00007ffe78af0000 - 0x00007ffe78b22000 	C:\WINDOWS\System32\IMM32.DLL
0x00007ffe72bd0000 - 0x00007ffe72bdc000 	C:\Program Files\Android\Android Studio1\jbr\bin\vcruntime140_1.dll
0x00007ffe05750000 - 0x00007ffe057dd000 	C:\Program Files\Android\Android Studio1\jbr\bin\msvcp140.dll
0x00007ffe05cb0000 - 0x00007ffe06946000 	C:\Program Files\Android\Android Studio1\jbr\bin\server\jvm.dll
0x00007ffe76a60000 - 0x00007ffe76b16000 	C:\WINDOWS\System32\ADVAPI32.dll
0x00007ffe76fb0000 - 0x00007ffe77057000 	C:\WINDOWS\System32\sechost.dll
0x00007ffe775b0000 - 0x00007ffe776c8000 	C:\WINDOWS\System32\RPCRT4.dll
0x00007ffe78670000 - 0x00007ffe786f0000 	C:\WINDOWS\System32\WS2_32.dll
0x00007ffe6eb90000 - 0x00007ffe6ebc6000 	C:\WINDOWS\SYSTEM32\WINMM.dll
0x00007ffe75450000 - 0x00007ffe754ae000 	C:\WINDOWS\SYSTEM32\POWRPROF.dll
0x00007ffe6faa0000 - 0x00007ffe6faab000 	C:\WINDOWS\SYSTEM32\VERSION.dll
0x00007ffe75430000 - 0x00007ffe75444000 	C:\WINDOWS\SYSTEM32\UMPDC.dll
0x00007ffe74290000 - 0x00007ffe742ab000 	C:\WINDOWS\SYSTEM32\kernel.appcore.dll
0x00007ffe5a1f0000 - 0x00007ffe5a1fa000 	C:\Program Files\Android\Android Studio1\jbr\bin\jimage.dll
0x00007ffe61af0000 - 0x00007ffe61d32000 	C:\WINDOWS\SYSTEM32\DBGHELP.DLL
0x00007ffe782e0000 - 0x00007ffe78663000 	C:\WINDOWS\System32\combase.dll
0x00007ffe773d0000 - 0x00007ffe774a9000 	C:\WINDOWS\System32\OLEAUT32.dll
0x00007ffe5fe00000 - 0x00007ffe5fe3b000 	C:\WINDOWS\SYSTEM32\dbgcore.DLL
0x00007ffe75ab0000 - 0x00007ffe75b58000 	C:\WINDOWS\System32\bcryptPrimitives.dll
0x00007ffe589c0000 - 0x00007ffe589ce000 	C:\Program Files\Android\Android Studio1\jbr\bin\instrument.dll
0x00007ffe564f0000 - 0x00007ffe56510000 	C:\Program Files\Android\Android Studio1\jbr\bin\java.dll
0x00007ffe56440000 - 0x00007ffe56458000 	C:\Program Files\Android\Android Studio1\jbr\bin\zip.dll
0x00007ffe776d0000 - 0x00007ffe77e3e000 	C:\WINDOWS\System32\SHELL32.dll
0x00007ffe75b60000 - 0x00007ffe763cc000 	C:\WINDOWS\System32\windows.storage.dll
0x00007ffe76960000 - 0x00007ffe76a56000 	C:\WINDOWS\System32\SHCORE.dll
0x00007ffe76f10000 - 0x00007ffe76f76000 	C:\WINDOWS\System32\shlwapi.dll
0x00007ffe75510000 - 0x00007ffe75539000 	C:\WINDOWS\SYSTEM32\profapi.dll
0x00007ffe5a1e0000 - 0x00007ffe5a1f0000 	C:\Program Files\Android\Android Studio1\jbr\bin\net.dll
0x00007ffe6e9d0000 - 0x00007ffe6eaf9000 	C:\WINDOWS\SYSTEM32\WINHTTP.dll
0x00007ffe748f0000 - 0x00007ffe7495c000 	C:\WINDOWS\system32\mswsock.dll
0x00007ffe50eb0000 - 0x00007ffe50ec6000 	C:\Program Files\Android\Android Studio1\jbr\bin\nio.dll
0x00007ffe51420000 - 0x00007ffe51430000 	C:\Program Files\Android\Android Studio1\jbr\bin\verify.dll
0x00007ffe0e410000 - 0x00007ffe0e437000 	C:\Users\kshit\.gradle\native\660c5614fbf4a5f2a75b1949f50a0caf5cd603558e7d8a26e50b933a0cfb79d1\windows-amd64\native-platform.dll
0x00007ffe056d0000 - 0x00007ffe05747000 	C:\Users\kshit\.gradle\native\0.2.8\x86_64-windows-gnu\gradle-fileevents.dll
0x00007ffe52480000 - 0x00007ffe52489000 	C:\Program Files\Android\Android Studio1\jbr\bin\management.dll
0x00007ffe513e0000 - 0x00007ffe513eb000 	C:\Program Files\Android\Android Studio1\jbr\bin\management_ext.dll
0x00007ffe773c0000 - 0x00007ffe773c8000 	C:\WINDOWS\System32\PSAPI.DLL
0x00007ffe73d50000 - 0x00007ffe73d82000 	C:\WINDOWS\SYSTEM32\IPHLPAPI.DLL
0x00007ffe76e50000 - 0x00007ffe76e5a000 	C:\WINDOWS\System32\NSI.dll
0x00007ffe56430000 - 0x00007ffe56439000 	C:\Program Files\Android\Android Studio1\jbr\bin\extnet.dll
0x00007ffe74bd0000 - 0x00007ffe74beb000 	C:\WINDOWS\SYSTEM32\CRYPTSP.dll
0x00007ffe74300000 - 0x00007ffe74339000 	C:\WINDOWS\system32\rsaenh.dll
0x00007ffe749a0000 - 0x00007ffe749d3000 	C:\WINDOWS\SYSTEM32\USERENV.dll
0x00007ffe754e0000 - 0x00007ffe7550a000 	C:\WINDOWS\SYSTEM32\bcrypt.dll
0x00007ffe74bf0000 - 0x00007ffe74bfc000 	C:\WINDOWS\SYSTEM32\CRYPTBASE.dll
0x00007ffe4bc60000 - 0x00007ffe4bc68000 	C:\WINDOWS\system32\wshunix.dll
0x00007ffe744a0000 - 0x00007ffe744d6000 	C:\WINDOWS\SYSTEM32\ntmarta.dll
0x00007ffe73de0000 - 0x00007ffe73f12000 	C:\WINDOWS\SYSTEM32\DNSAPI.dll
0x00007ffe691b0000 - 0x00007ffe691bb000 	C:\Windows\System32\rasadhlp.dll
0x00007ffe6cb90000 - 0x00007ffe6cc16000 	C:\WINDOWS\System32\fwpuclnt.dll

JVMTI agents:
C:\Users\kshit\.gradle\wrapper\dists\gradle-9.4.1-bin\arn2x92ynaizyzdaamcbpbhtj\gradle-9.4.1\lib\agents\gradle-instrumentation-agent-9.4.1.jar path:C:\Program Files\Android\Android Studio1\jbr\bin\instrument.dll, loaded, initialized, instrumentlib options:none

dbghelp: loaded successfully - version: 4.0.5 - missing functions: none
symbol engine: initialized successfully - sym options: 0x614 - pdb path: .;C:\Program Files\Android\Android Studio1\jbr\bin;C:\WINDOWS\SYSTEM32;C:\WINDOWS\WinSxS\amd64_microsoft.windows.common-controls_6595b64144ccf1df_6.0.26100.8457_none_3e0b2faee331e92d;C:\Program Files\Android\Android Studio1\jbr\bin\server;C:\Users\kshit\.gradle\native\660c5614fbf4a5f2a75b1949f50a0caf5cd603558e7d8a26e50b933a0cfb79d1\windows-amd64;C:\Users\kshit\.gradle\native\0.2.8\x86_64-windows-gnu

VM Arguments:
jvm_args: --add-opens=java.base/java.lang=ALL-UNNAMED --add-opens=java.base/java.lang.invoke=ALL-UNNAMED --add-opens=java.base/java.util=ALL-UNNAMED --add-opens=java.prefs/java.util.prefs=ALL-UNNAMED --add-exports=jdk.compiler/com.sun.tools.javac.api=ALL-UNNAMED --add-exports=jdk.compiler/com.sun.tools.javac.util=ALL-UNNAMED --add-opens=java.base/java.util=ALL-UNNAMED --add-opens=java.prefs/java.util.prefs=ALL-UNNAMED --add-opens=java.base/java.nio.charset=ALL-UNNAMED --add-opens=java.base/java.net=ALL-UNNAMED --add-opens=java.base/java.util.concurrent=ALL-UNNAMED --add-opens=java.base/java.util.concurrent.atomic=ALL-UNNAMED --add-opens=java.xml/javax.xml.namespace=ALL-UNNAMED --add-opens=java.base/java.time=ALL-UNNAMED -Xmx2048m -Dfile.encoding=UTF-8 -Duser.country=IN -Duser.language=en -Duser.variant -javaagent:C:\Users\kshit\.gradle\wrapper\dists\gradle-9.4.1-bin\arn2x92ynaizyzdaamcbpbhtj\gradle-9.4.1\lib\agents\gradle-instrumentation-agent-9.4.1.jar 
java_command: org.gradle.launcher.daemon.bootstrap.GradleDaemon 9.4.1
java_class_path (initial): C:\Users\kshit\.gradle\wrapper\dists\gradle-9.4.1-bin\arn2x92ynaizyzdaamcbpbhtj\gradle-9.4.1\lib\gradle-daemon-main-9.4.1.jar
Launcher Type: SUN_STANDARD

[Global flags]
     intx CICompilerCount                          = 4                                         {product} {ergonomic}
     uint ConcGCThreads                            = 3                                         {product} {ergonomic}
     uint G1ConcRefinementThreads                  = 10                                        {product} {ergonomic}
   size_t G1HeapRegionSize                         = 1048576                                   {product} {ergonomic}
    uintx GCDrainStackTargetSize                   = 64                                        {product} {ergonomic}
   size_t InitialHeapSize                          = 123731968                                 {product} {ergonomic}
   size_t MarkStackSize                            = 4194304                                   {product} {ergonomic}
   size_t MaxHeapSize                              = 2147483648                                {product} {command line}
   size_t MaxNewSize                               = 1287651328                                {product} {ergonomic}
   size_t MinHeapDeltaBytes                        = 1048576                                   {product} {ergonomic}
   size_t MinHeapSize                              = 8388608                                   {product} {ergonomic}
    uintx NonNMethodCodeHeapSize                   = 5839372                                {pd product} {ergonomic}
    uintx NonProfiledCodeHeapSize                  = 122909434                              {pd product} {ergonomic}
    uintx ProfiledCodeHeapSize                     = 122909434                              {pd product} {ergonomic}
    uintx ReservedCodeCacheSize                    = 251658240                              {pd product} {ergonomic}
     bool SegmentedCodeCache                       = true                                      {product} {ergonomic}
   size_t SoftMaxHeapSize                          = 2147483648                             {manageable} {ergonomic}
     bool UseCompressedOops                        = true                           {product lp64_product} {ergonomic}
     bool UseG1GC                                  = true                                      {product} {ergonomic}
     bool UseLargePagesIndividualAllocation        = false                                  {pd product} {ergonomic}

Logging:
Log output configuration:
 #0: stdout all=warning uptime,level,tags foldmultilines=false
 #1: stderr all=off uptime,level,tags foldmultilines=false

Release file:
JAVA_VERSION="21.0.10" 
MODULES="java.base java.compiler java.datatransfer java.xml java.prefs java.desktop java.instrument java.logging java.management java.security.sasl java.naming java.rmi java.management.rmi java.net.http java.scripting java.security.jgss java.transaction.xa java.sql java.sql.rowset java.xml.crypto java.se java.smartcardio jdk.accessibility jdk.internal.jvmstat jdk.attach jdk.charsets jdk.internal.opt jdk.zipfs jdk.compiler jdk.crypto.ec jdk.crypto.cryptoki jdk.dynalink jdk.hotspot.agent jdk.httpserver jdk.internal.ed jdk.internal.le jdk.internal.vm.ci jdk.jartool jdk.javadoc jdk.jcmd jdk.jdeps jdk.jdwp.agent jdk.jdi jdk.jfr jdk.jlink jdk.jsobject jdk.localedata jdk.management jdk.management.agent jdk.management.jfr jdk.naming.dns jdk.naming.rmi jdk.net jdk.sctp jdk.security.auth jdk.security.jgss jdk.unsupported jdk.unsupported.desktop jdk.xml.dom" 
IMPLEMENTOR="JetBrains s.r.o." 
JAVA_RUNTIME_VERSION="21.0.10+-14961533-b1163.108" 
LIBC="default" 
OS_ARCH="x86_64" 
OS_NAME="Windows" 
SOURCE=".:git:1351622c2ff2" 

Environment Variables:
PATH=C:\Program Files\Eclipse Adoptium\jdk-17.0.4.101-hotspot\bin;C:\Program Files\Common Files\Oracle\Java\javapath;C:\WINDOWS\system32;C:\WINDOWS;C:\WINDOWS\System32\Wbem;C:\WINDOWS\System32\WindowsPowerShell\v1.0\;C:\WINDOWS\System32\OpenSSH\;C:\flutter\bin;C:\MinGW\bin;C:\ProgramData\chocolatey\bin;C:\Program Files\nodejs\;C:\Program Files\Git\cmd;C:\Program Files\Docker\Docker\resources\bin;C:\Program Files\cursor\resources\app\bin;C:\Users\kshit\anaconda3;C:\Users\kshit\anaconda3\Library\mingw-w64\bin;C:\Users\kshit\anaconda3\Library\usr\bin;C:\Users\kshit\anaconda3\Library\bin;C:\Users\kshit\anaconda3\Scripts;C:\Users\kshit\AppData\Local\Microsoft\WindowsApps;C:\msys64\ucrt64\bin;C:\Users\kshit\AppData\Local\Programs\Microsoft VS Code\bin;C:\Users\kshit\AppData\Roaming\npm;C:\Users\kshit\AppData\Local\Programs\Kiro\bin;C:\Users\kshit\AppData\Local\Programs\cursor\resources\app\bin
USERNAME=kshit
OS=Windows_NT
PROCESSOR_IDENTIFIER=AMD64 Family 23 Model 96 Stepping 1, AuthenticAMD
TMP=C:\Users\kshit\AppData\Local\Temp
TEMP=C:\Users\kshit\AppData\Local\Temp




Periodic native trim disabled

JNI global refs:
JNI global refs: 31, weak refs: 3

JNI global refs memory usage: 835, weak refs: 833

Process memory usage:
Resident Set Size: 913888K (11% of 7730500K total physical memory with 575684K free physical memory)

OOME stack traces (most recent first):
Classloader memory used:
Loader org.gradle.internal.classloader.VisitableURLClassLoader                         : 114M
Loader bootstrap                                                                       : 31967K
Loader org.gradle.initialization.MixInLegacyTypesClassLoader                           : 11890K
Loader jdk.internal.loader.ClassLoaders$AppClassLoader                                 : 7773K
Loader org.gradle.internal.classloader.VisitableURLClassLoader                         : 1069K
Loader jdk.internal.loader.ClassLoaders$PlatformClassLoader                            : 931K
Loader org.gradle.internal.classloader.VisitableURLClassLoader$InstrumentingVisitableURLClassLoader: 739K
Loader jdk.internal.jrtfs.JrtFileSystemProvider$JrtFsLoader                            : 341K
Loader jdk.internal.reflect.DelegatingClassLoader                                      : 310K
Loader org.gradle.groovy.scripts.internal.DefaultScriptCompilationHandler$ScriptClassLoader: 92648B

Classes loaded by more than one classloader:
Class org.gradle.internal.IoActions                                                   : loaded 3 times (x 71B)
Class org.gradle.api.Action                                                           : loaded 3 times (x 70B)
Class org.gradle.internal.Cast                                                        : loaded 3 times (x 71B)
Class org.gradle.api.GradleException                                                  : loaded 3 times (x 82B)
Class Program                                                                         : loaded 3 times (x 72B)
Class com.google.common.collect.UnmodifiableListIterator                              : loaded 2 times (x 95B)
Class org.gradle.internal.operations.MultipleBuildOperationFailures                   : loaded 2 times (x 95B)
Class org.gradle.internal.classloader.DefaultClassLoaderFactory                       : loaded 2 times (x 82B)
Class kotlin.collections.AbstractList$Companion                                       : loaded 2 times (x 71B)
Class org.gradle.tooling.internal.gradle.DefaultProjectIdentifier                     : loaded 2 times (x 86B)
Class org.gradle.api.internal.DefaultClassPathProvider                                : loaded 2 times (x 76B)
Class [Lorg.gradle.api.internal.ClassPathProvider;                                    : loaded 2 times (x 69B)
Class org.gradle.api.internal.ClassPathProvider                                       : loaded 2 times (x 70B)
Class jdk.internal.jrtfs.SystemImage                                                  : loaded 2 times (x 74B)
Class org.gradle.internal.service.UnknownServiceException                             : loaded 2 times (x 83B)
Class jdk.internal.jimage.ImageReader$LinkNode                                        : loaded 2 times (x 84B)
Class org.gradle.internal.classpath.TransformedClassPath                              : loaded 2 times (x 96B)
Class org.gradle.internal.classloader.InstrumentingClassLoader                        : loaded 2 times (x 70B)
Class jdk.internal.jrtfs.SystemImage$1                                                : loaded 2 times (x 78B)
Class com.google.common.collect.Iterators$ArrayItr                                    : loaded 2 times (x 97B)
Class kotlin.enums.EnumEntriesList                                                    : loaded 2 times (x 223B)
Class jdk.internal.jrtfs.SystemImage$2                                                : loaded 2 times (x 76B)
Class com.google.common.collect.UnmodifiableIterator                                  : loaded 2 times (x 80B)
Class org.gradle.internal.service.ServiceLocator                                      : loaded 2 times (x 70B)
Class jdk.internal.jrtfs.JrtFileSystemProvider                                        : loaded 2 times (x 101B)
Class com.intellij.gradle.toolingExtension.util.GradleVersionUtil                     : loaded 2 times (x 71B)
Class com.google.common.collect.Iterators$SingletonIterator                           : loaded 2 times (x 81B)
Class org.gradle.tooling.model.UnsupportedMethodException                             : loaded 2 times (x 82B)
Class com.google.common.collect.Iterators                                             : loaded 2 times (x 71B)
Class jdk.internal.jimage.ImageLocation                                               : loaded 2 times (x 90B)
Class jdk.internal.jrtfs.JrtDirectoryStream$1                                         : loaded 2 times (x 83B)
Class com.google.common.collect.Lists$StringAsImmutableList                           : loaded 2 times (x 207B)
Class jdk.internal.jimage.ImageBufferCache$1                                          : loaded 2 times (x 83B)
Class org.gradle.internal.time.DefaultTimer                                           : loaded 2 times (x 80B)
Class jdk.internal.jimage.ImageBufferCache$2                                          : loaded 2 times (x 91B)
Class org.gradle.api.internal.classpath.DefaultModuleRegistry$DefaultModule           : loaded 2 times (x 82B)
Class com.google.common.collect.AbstractIterator                                      : loaded 2 times (x 82B)
Class com.google.common.collect.AbstractIndexedListIterator                           : loaded 2 times (x 96B)
Class org.gradle.internal.time.DefaultCountdownTimer                                  : loaded 2 times (x 88B)
Class ijInit2_3at2sftkrx4359em6jgktci0l                                               : loaded 2 times (x 171B)
Class org.gradle.tooling.internal.gradle.DefaultBuildIdentifier                       : loaded 2 times (x 79B)
Class org.gradle.api.internal.classpath.Module                                        : loaded 2 times (x 70B)
Class org.gradle.api.internal.classpath.UnknownModuleException                        : loaded 2 times (x 82B)
Class jdk.internal.jimage.ImageHeader                                                 : loaded 2 times (x 71B)
Class org.gradle.tooling.internal.gradle.GradleProjectIdentity                        : loaded 2 times (x 70B)
Class org.gradle.api.internal.DefaultClassPathRegistry                                : loaded 2 times (x 76B)
Class org.gradle.internal.classpath.DefaultClassPath$ImmutableUniqueList              : loaded 2 times (x 199B)
Class org.gradle.api.internal.ClassPathRegistry                                       : loaded 2 times (x 70B)
Class jdk.internal.jimage.decompressor.ResourceDecompressor                           : loaded 2 times (x 70B)
Class sync_studio_tooling2423_11xmnt7ykzfsmz37cdl8c59a6$_run_closure1                 : loaded 2 times (x 139B)
Class jdk.internal.jimage.decompressor.StringSharingDecompressorFactory               : loaded 2 times (x 74B)
Class Settings_gradle$1                                                               : loaded 2 times (x 74B)
Class org.gradle.internal.classpath.ClassPath                                         : loaded 2 times (x 70B)
Class sync_studio_tooling2423_11xmnt7ykzfsmz37cdl8c59a6                               : loaded 2 times (x 171B)
Class org.gradle.api.internal.classpath.DefaultModuleRegistry$DefaultModuleAlias      : loaded 2 times (x 80B)
Class jdk.internal.jimage.ImageStringsReader                                          : loaded 2 times (x 80B)
Class org.gradle.internal.classloader.ClassLoaderHierarchy                            : loaded 2 times (x 70B)
Class org.gradle.tooling.model.Model                                                  : loaded 2 times (x 70B)
Class kotlin.UninitializedPropertyAccessException                                     : loaded 2 times (x 82B)
Class jdk.internal.jimage.ImageReader                                                 : loaded 2 times (x 75B)
Class jdk.internal.jimage.ImageReader$SharedImageReader                               : loaded 2 times (x 95B)
Class com.google.common.collect.Iterators$4                                           : loaded 2 times (x 82B)
Class org.gradle.api.internal.classpath.ModuleRegistry                                : loaded 2 times (x 70B)
Class org.gradle.internal.installation.GradleInstallation$1                           : loaded 2 times (x 75B)
Class jdk.internal.jimage.decompressor.ResourceDecompressorFactory                    : loaded 2 times (x 74B)
Class com.google.common.collect.Iterators$5                                           : loaded 2 times (x 82B)
Class jdk.internal.jimage.ImageReader$Node                                            : loaded 2 times (x 84B)
Class com.google.common.collect.ImmutableCollection                                   : loaded 2 times (x 125B)
Class org.gradle.api.internal.classpath.DefaultModuleRegistry                         : loaded 2 times (x 84B)
Class jdk.internal.jimage.BasicImageReader$1                                          : loaded 2 times (x 77B)
Class com.google.common.collect.Lists                                                 : loaded 2 times (x 71B)
Class com.google.common.collect.Iterators$9                                           : loaded 2 times (x 81B)
Class jdk.internal.jimage.decompressor.Decompressor                                   : loaded 2 times (x 72B)
Class jdk.internal.jimage.ImageReader$Resource                                        : loaded 2 times (x 84B)
Class org.gradle.internal.time.MonotonicClock                                         : loaded 2 times (x 77B)
Class org.gradle.internal.service.ServiceLookupException                              : loaded 2 times (x 82B)
Class jdk.internal.jrtfs.JrtFileAttributes                                            : loaded 2 times (x 83B)
Class org.gradle.internal.classloader.ClassLoaderFactory                              : loaded 2 times (x 70B)
Class org.gradle.internal.service.CachingServiceLocator                               : loaded 2 times (x 82B)
Class org.gradle.internal.time.TimeSource                                             : loaded 2 times (x 70B)
Class org.gradle.tooling.internal.gradle.GradleBuildIdentity                          : loaded 2 times (x 70B)
Class kotlin.enums.EnumEntries                                                        : loaded 2 times (x 70B)
Class org.gradle.internal.exceptions.ResolutionProvider                               : loaded 2 times (x 70B)
Class jdk.internal.jimage.ImageBufferCache                                            : loaded 2 times (x 71B)
Class jdk.internal.jrtfs.JrtPath                                                      : loaded 2 times (x 118B)
Class org.gradle.tooling.model.ProjectIdentifier                                      : loaded 2 times (x 70B)
Class org.gradle.internal.classloader.ClasspathUtil                                   : loaded 2 times (x 71B)
Class org.gradle.internal.time.TimeSource$1                                           : loaded 2 times (x 77B)
Class kotlin.jvm.internal.DefaultConstructorMarker                                    : loaded 2 times (x 71B)
Class org.gradle.api.specs.Spec                                                       : loaded 2 times (x 70B)
Class jdk.internal.jimage.ImageReader$SharedImageReader$LocationVisitor               : loaded 2 times (x 70B)
Class jdk.internal.jimage.decompressor.ResourceDecompressorRepository                 : loaded 2 times (x 71B)
Class com.intellij.gradle.toolingExtension.impl.model.utilDummyModel.DummyModel       : loaded 2 times (x 70B)
Class org.gradle.internal.time.Clock                                                  : loaded 2 times (x 70B)
Class jdk.internal.jimage.ImageReader$Directory                                       : loaded 2 times (x 84B)
Class kotlin.collections.AbstractList                                                 : loaded 2 times (x 197B)
Class kotlin.collections.AbstractCollection                                           : loaded 2 times (x 117B)
Class org.gradle.internal.classloader.VisitableURLClassLoader$InstrumentingVisitableURLClassLoader: loaded 2 times (x 123B)
Class org.gradle.internal.classloader.VisitableURLClassLoader$Spec                    : loaded 2 times (x 74B)
Class org.gradle.internal.classpath.DefaultClassPath                                  : loaded 2 times (x 90B)
Class jdk.internal.jimage.decompressor.ZipDecompressorFactory                         : loaded 2 times (x 74B)
Class org.gradle.util.internal.DefaultGradleVersion                                   : loaded 2 times (x 82B)
Class org.gradle.internal.classloader.ClassLoaderSpec                                 : loaded 2 times (x 71B)
Class Settings_gradle$1$1                                                             : loaded 2 times (x 74B)
Class org.gradle.api.internal.classpath.Module$ModuleAlias                            : loaded 2 times (x 70B)
Class org.gradle.internal.classloader.VisitableURLClassLoader                         : loaded 2 times (x 117B)
Class Settings_gradle                                                                 : loaded 2 times (x 124B)
Class jdk.internal.jimage.BasicImageReader                                            : loaded 2 times (x 95B)
Class org.gradle.internal.classloader.FilteringClassLoader                            : loaded 2 times (x 105B)
Class jdk.internal.jimage.decompressor.ZipDecompressor                                : loaded 2 times (x 75B)
Class org.gradle.internal.classpath.DefaultClassPath$ImmutableUniqueList$Builder      : loaded 2 times (x 75B)
Class com.google.common.collect.Iterators$1                                           : loaded 2 times (x 81B)
Class org.gradle.internal.exceptions.NonGradleCauseExceptionsHolder                   : loaded 2 times (x 70B)
Class jdk.internal.jimage.ImageStrings                                                : loaded 2 times (x 70B)
Class kotlin.NotImplementedError                                                      : loaded 2 times (x 82B)
Class kotlin.enums.EnumEntriesKt                                                      : loaded 2 times (x 71B)
Class org.gradle.internal.exceptions.MultiCauseException                              : loaded 2 times (x 70B)
Class org.gradle.internal.time.CountdownTimer                                         : loaded 2 times (x 70B)
Class kotlin.jvm.internal.Intrinsics                                                  : loaded 2 times (x 71B)
Class jdk.internal.jrtfs.JrtFileSystem                                                : loaded 2 times (x 102B)
Class ijInit2_3at2sftkrx4359em6jgktci0l$_run_closure1                                 : loaded 2 times (x 140B)
Class org.gradle.tooling.model.ProjectModel                                           : loaded 2 times (x 70B)
Class jdk.internal.jimage.decompressor.CompressedResourceHeader                       : loaded 2 times (x 71B)
Class kotlin.KotlinNullPointerException                                               : loaded 2 times (x 83B)
Class org.gradle.internal.exceptions.DefaultMultiCauseException                       : loaded 2 times (x 95B)
Class com.google.common.base.Preconditions                                            : loaded 2 times (x 71B)
Class com.google.common.collect.PeekingIterator                                       : loaded 2 times (x 70B)
Class org.gradle.internal.time.Time                                                   : loaded 2 times (x 71B)
Class org.gradle.tooling.model.BuildIdentifier                                        : loaded 2 times (x 70B)
Class kotlin.NoWhenBranchMatchedException                                             : loaded 2 times (x 82B)
Class org.gradle.internal.time.Timer                                                  : loaded 2 times (x 70B)
Class kotlin.jvm.internal.markers.KMappedMarker                                       : loaded 2 times (x 70B)
Class org.gradle.internal.installation.CurrentGradleInstallationLocator               : loaded 2 times (x 71B)
Class com.google.common.collect.ImmutableList                                         : loaded 2 times (x 206B)
Class org.gradle.internal.service.DefaultServiceLocator                               : loaded 2 times (x 83B)
Class jdk.internal.jrtfs.JrtDirectoryStream                                           : loaded 2 times (x 89B)
Class org.gradle.util.GradleVersion                                                   : loaded 2 times (x 81B)
Class org.gradle.internal.installation.CurrentGradleInstallation                      : loaded 2 times (x 73B)
Class org.gradle.util.internal.GUtil                                                  : loaded 2 times (x 71B)
Class com.google.common.collect.Iterators$MergingIterator                             : loaded 2 times (x 81B)
Class org.gradle.internal.installation.GradleInstallation                             : loaded 2 times (x 75B)
Class jdk.internal.jimage.decompressor.ResourceDecompressor$StringsProvider           : loaded 2 times (x 70B)

---------------  S Y S T E M  ---------------

OS:
 Windows 11 , 64 bit Build 26100 (10.0.26100.8328)
OS uptime: 0 days 0:11 hours
Hyper-V role detected

CPU: total 12 (initial active 12) (12 cores per cpu, 2 threads per core) family 23 model 96 stepping 1 microcode 0x8600103, cx8, cmov, fxsr, ht, mmx, 3dnowpref, sse, sse2, sse3, ssse3, sse4a, sse4.1, sse4.2, popcnt, lzcnt, tsc, tscinvbit, avx, avx2, aes, clmul, bmi1, bmi2, adx, sha, fma, vzeroupper, clflush, clflushopt, hv, rdtscp, rdpid, f16c
Processor Information for the first 12 processors :
  Max Mhz: 3000, Current Mhz: 3000, Mhz Limit: 3000

Memory: 4k page, system-wide physical 7549M (565M free)
TotalPageFile size 9951M (AvailPageFile size 9M)
current process WorkingSet (physical memory assigned to process): 900M, peak: 1016M
current process commit charge ("private bytes"): 1043M, peak: 1051M

vm_info: OpenJDK 64-Bit Server VM (21.0.10+-14961533-b1163.108) for windows-amd64 JRE (21.0.10+-14961533-b1163.108), built on 2026-03-02T19:58:50Z by "builder" with MS VC++ 16.10 / 16.11 (VS2019)

END.
